k,components,lambda2_full_graph,residual
2,2,0.0,
3,1,0.03215373171525586,1.1964440716781794e-14
4,1,0.04139297578274974,1.7753688208138853e-14
5,1,0.04857598030324817,1.2636355437536386e-13
6,1,0.05477818527356404,1.4946197015801653e-14
7,1,0.05892720258858046,6.455528822022248e-14
8,1,0.06267997266055755,1.098150142624404e-13
9,1,0.06561575816690456,7.351774898483056e-14
10,1,0.0682849408697483,1.8486145286393385e-13
11,1,0.0709174177684563,2.528638624136496e-13
12,1,0.07343741444916614,1.7324653093387568e-13
13,1,0.07537327686286772,2.2642194616777627e-14
14,1,0.07779044320884797,2.3170039799662504e-13
15,1,0.07957463834499191,1.786994205870317e-13
16,1,0.08147557614166646,1.2858195882173584e-13
17,1,0.08332918582475739,2.163007344436122e-13
18,1,0.08537682725027744,6.247675796931683e-14
19,1,0.08722721026104202,2.5413052717715734e-13
20,1,0.08894023412614933,6.461135543385671e-14
21,1,0.09056961005044688,1.7873920396813888e-13
22,1,0.09203334365610169,1.2439895501892395e-13
23,1,0.09315098908564914,2.5400795001491043e-13
24,1,0.09465765051834779,1.6034004530274832e-13
25,1,0.09599912413297061,1.5888322458625318e-13
26,1,0.09746664117745964,3.7896025115302033e-13
27,1,0.09896648642348572,2.935285610749911e-13
28,1,0.10021488978529432,1.721219585471355e-13
29,1,0.1013130746113205,3.5265260346562146e-13
30,1,0.10269547315534949,6.030505473807699e-14
31,1,0.10404673183335499,5.29108105129845e-13
32,1,0.10516869148482894,1.1292134508751113e-13
33,1,0.106560085194309,1.378009827079982e-13
34,1,0.1075787077814365,3.3507522617259106e-13
35,1,0.10882360771273693,1.0805263108766288e-13
36,1,0.10993424870797025,1.8482722349310522e-13
37,1,0.11117072288122526,1.7830534062465465e-13
38,1,0.11209411549195784,2.89237026720283e-13
39,1,0.11330247619101914,2.8339399371036435e-13
40,1,0.11438005289853367,5.053054108029513e-13
41,1,0.11545081730176744,3.0078289111733646e-13
42,1,0.11669288477477681,4.0083142113902896e-13
43,1,0.11790242883030354,5.436655172509276e-13
44,1,0.11875745873883696,1.0445888335951832e-13
45,1,0.11977076512448087,2.610572130737391e-13
46,1,0.12080847037320383,5.653962604145733e-14
47,1,0.12180179407629609,1.294362854215793e-13
48,1,0.12268579024164844,7.928406937567309e-14
49,1,0.12348271670792955,4.3335459779043094e-14
50,1,0.12433502102369194,4.304104052029443e-13
51,1,0.12542681030170363,1.707356796209811e-13
52,1,0.12666013767411077,3.48220654501396e-14
53,1,0.12747404624418762,2.065552337401701e-13
54,1,0.1284785484594642,1.1686443665978458e-13
55,1,0.12947092314467598,1.8714659113514548e-13
56,1,0.13026182960625965,2.5788454293913117e-13
57,1,0.13135693543815963,3.9571912598598915e-13
58,1,0.13224064257614956,2.116125575597551e-13
59,1,0.1329684584392124,1.3088626614258951e-13
60,1,0.13388082624436473,3.3924093461345663e-13
61,1,0.13485542250905835,1.0975096040524356e-13
62,1,0.13582062218072685,4.191560631708423e-13
63,1,0.13671608997754472,3.7522561649761845e-13
64,1,0.13746996664019034,5.950693959190848e-13
