feature,eta_squared
rhythm.onset_rate,0.48684624609749777
mfcc.mean.01,0.25132108174197537
mfcc.mean.05,0.2347952563054982
mfcc.mean.07,0.19479858834627042
mfcc.mean.06,0.18716214194277192
mfcc.mean.00,0.1860245390198311
mfcc.mean.08,0.1629362792921771
mfcc.mean.03,0.14151830544461472
mfcc.mean.09,0.13458461643200847
hpcp.std.25,0.1289513297739435
hpcp.std.32,0.1233136392261631
hpcp.std.34,0.11453397921171393
mfcc.mean.04,0.10782899490356918
hpcp.std.02,0.10768875514514865
hpcp.std.31,0.09919129272406726
hpcp.std.17,0.09829090895819906
hpcp.std.11,0.09457787484469717
mfcc.mean.10,0.0905636823591431
hpcp.std.04,0.0845164147860014
hpcp.std.10,0.08339489251036553
mfcc.mean.11,0.07741634385818255
hpcp.std.01,0.07598580306436935
hpcp.mean.25,0.07449262085412467
hpcp.mean.21,0.07064766071694217
hpcp.std.21,0.06958773334400142
hpcp.std.19,0.06644167535031247
hpcp.std.24,0.06615815421448512
hpcp.std.23,0.05871785507917074
mfcc.mean.02,0.05792863588719375
hpcp.std.13,0.05703725897756624
hpcp.std.15,0.05484738691981067
hpcp.mean.20,0.05483067431278712
hpcp.mean.23,0.04975970231879242
hpcp.std.07,0.04802016699521575
hpcp.mean.32,0.04639045189166282
hpcp.mean.15,0.04587727214337485
mfcc.mean.12,0.044314411651315874
hpcp.mean.24,0.04291689136421788
hpcp.mean.17,0.042775021160839616
hpcp.mean.02,0.03838485572648349
hpcp.std.28,0.03699436095464635
hpcp.mean.34,0.03556454102369978
hpcp.std.16,0.03546819696200583
hpcp.mean.06,0.03238897776798366
rhythm.bpm,0.03130701220138436
hpcp.mean.14,0.030311142595185348
hpcp.mean.11,0.028457069961606653
hpcp.mean.04,0.025017904819965645
hpcp.mean.29,0.024991549791513672
mfcc.std.12,0.022918979934531798
hpcp.std.33,0.02152456492999894
hpcp.std.06,0.021225437264013526
hpcp.mean.31,0.0207848641166542
hpcp.mean.30,0.019944194488602855
mfcc.std.11,0.01927460094539383
hpcp.std.30,0.01891839338651033
hpcp.std.20,0.0181826981538309
hpcp.mean.19,0.015867578013585636
mfcc.std.00,0.01548127079523695
hpcp.mean.01,0.015009793789085192
hpcp.mean.00,0.014590672245945478
hpcp.std.22,0.014206284075991461
hpcp.mean.10,0.013773307674441874
hpcp.mean.09,0.013275900755707991
hpcp.std.26,0.012750002326890412
mfcc.std.05,0.012733415235969962
hpcp.std.00,0.011980167774314309
hpcp.std.18,0.011566761603249053
mfcc.std.04,0.010264243402572423
hpcp.mean.13,0.009708656684710954
hpcp.std.05,0.009597286273571889
hpcp.std.03,0.00913713972736695
hpcp.mean.27,0.008783747297626264
mfcc.std.10,0.008482244898285442
hpcp.std.29,0.007820994461568266
mfcc.std.03,0.007457002133666357
hpcp.std.09,0.007374948703292953
hpcp.mean.08,0.0063403141046812685
hpcp.mean.05,0.006092086394458214
hpcp.std.35,0.005431816389432581
hpcp.mean.35,0.005156638283692265
mfcc.std.06,0.005064115506465087
hpcp.std.12,0.004348106794341628
mfcc.std.02,0.004141719619557486
hpcp.mean.33,0.0038567198652642853
hpcp.std.14,0.0037576147210546407
hpcp.mean.18,0.003348004687942663
hpcp.mean.28,0.0030662212313676282
hpcp.std.08,0.00258295585607937
mfcc.std.07,0.0025000828792421997
hpcp.mean.22,0.002255646804110666
hpcp.std.27,0.0019631900619559344
hpcp.mean.16,0.0018311812978333759
mfcc.std.09,0.0011789286150080888
hpcp.mean.03,0.0010149900640570484
hpcp.mean.07,0.0004237886992751506
mfcc.std.08,0.00023492108581964807
mfcc.std.01,0.00021005359644495582
hpcp.mean.26,0.0001392032178679085
hpcp.mean.12,2.0821482805369668e-05
