index_1_based,eigenvalue,gap_to_previous,gap_to_next,residual,plotted
1,-6.907299574974643e-17,,0.018169910966933624,2.75410151421576e-16,True
2,0.018169910966933555,0.018169910966933624,0.006423772677915933,4.7893339239187e-16,True
3,0.024593683644849488,0.006423772677915933,0.003940060301990064,4.79304911830854e-16,True
4,0.02853374394683955,0.003940060301990064,0.0010031645302998361,5.101211455298374e-16,True
5,0.029536908477139388,0.0010031645302998361,0.001099818987735205,5.152612052345751e-16,True
6,0.030636727464874593,0.001099818987735205,0.004734990790195175,5.335419513708838e-16,True
7,0.03537171825506977,0.004734990790195175,0.005233749936915652,6.147052206805542e-16,True
8,0.04060546819198542,0.005233749936915652,0.0016440821643233516,4.812244527895051e-16,True
9,0.04224955035630877,0.0016440821643233516,0.001784315081891516,6.175149344717639e-16,True
10,0.04403386543820029,0.001784315081891516,0.0008900175390822718,6.971597648234678e-16,True
11,0.04492388297728256,0.0008900175390822718,0.0031357746291519745,8.109708442609564e-16,True
12,0.04805965760643453,0.0031357746291519745,0.0009534000492745567,6.398695510048269e-16,True
13,0.04901305765570909,0.0009534000492745567,0.0014483296683453495,9.324784297857495e-16,True
14,0.05046138732405444,0.0014483296683453495,0.0017531835305347118,7.316307590051911e-16,True
15,0.05221457085458915,0.0017531835305347118,0.0019216239457754206,7.455417075236455e-16,True
16,0.05413619480036457,0.0019216239457754206,0.0016383208960528972,7.753958132343314e-16,True
17,0.05577451569641747,0.0016383208960528972,0.000981677997046862,9.815728250012428e-16,True
18,0.05675619369346433,0.000981677997046862,0.002743788889317249,8.510977776073971e-16,True
19,0.05949998258278158,0.002743788889317249,0.0013439643530581413,7.84475517701206e-16,True
20,0.06084394693583972,0.0013439643530581413,0.0015789673416768332,9.109093472958603e-16,True
21,0.062422914277516554,0.0015789673416768332,0.001792377115465836,7.747946279668294e-16,True
22,0.06421529139298239,0.001792377115465836,0.0008312734487748302,7.492596900369446e-16,True
23,0.06504656484175722,0.0008312734487748302,0.0010583028097887054,8.104834712511536e-16,True
24,0.06610486765154593,0.0010583028097887054,0.0022566832132078357,1.1245188758796136e-15,True
25,0.06836155086475376,0.0022566832132078357,0.0019159383587395856,7.415987990031574e-16,True
26,0.07027748922349335,0.0019159383587395856,0.0001579801099707845,7.157191283842131e-16,True
27,0.07043546933346413,0.0001579801099707845,0.001979823981554163,8.443379870407112e-16,True
28,0.0724152933150183,0.001979823981554163,0.00022840978804736234,8.285331243932699e-16,True
29,0.07264370310306566,0.00022840978804736234,0.0009820325155916881,7.243049997024448e-16,True
30,0.07362573561865735,0.0009820325155916881,0.0008425287984119983,9.420461033245676e-16,True
31,0.07446826441706934,0.0008425287984119983,0.001402186782005585,9.30035976856911e-16,True
32,0.07587045119907493,0.001402186782005585,0.0005238709127227126,7.976490757707606e-16,True
33,0.07639432211179764,0.0005238709127227126,,9.020060691094922e-16,False
