domain,feature,raw_mean,raw_std,standardized_mean_within_large_component
1,mfcc.mean.00,-758.2805426133044,76.70720074512886,-0.4203168008636809
1,mfcc.mean.01,177.75205290353955,43.140193176508916,0.4930526918617918
1,mfcc.mean.02,5.450579926127979,29.33156613298039,-0.2132882195083279
1,mfcc.mean.03,10.820738950904333,20.20029892298617,-0.35650880208986085
1,mfcc.mean.04,-1.4415059997312112,13.875980777602155,-0.31940184249883063
1,mfcc.mean.05,-2.9194061232257584,11.968333683977988,-0.4652205189965715
1,mfcc.mean.06,-5.481481245726815,9.425748622901406,-0.4110452577825582
1,mfcc.mean.07,-2.9545341669524348,8.651778148967423,-0.4274752247351298
1,mfcc.mean.08,-4.646753409908227,7.675643119772984,-0.3883009697855525
1,mfcc.mean.09,-2.2754927147729993,7.026056555874284,-0.34881634083970203
1,mfcc.mean.10,-3.360088506353611,5.965728104085758,-0.3094018202404429
1,mfcc.mean.11,-2.048940673540029,5.361605765316354,-0.29371414314760924
1,mfcc.mean.12,-1.6907927289116431,5.06417922164936,-0.21693536936701166
1,mfcc.std.00,99.51855449258692,24.924544318201054,-0.0987065005591779
1,mfcc.std.01,46.15207862466495,10.998842155718194,-0.007120058495337825
1,mfcc.std.02,29.76818852285027,8.952440126344696,-0.06547696111702316
1,mfcc.std.03,20.397725841301135,5.790012777820085,-0.09538685459337873
1,mfcc.std.04,16.722214723375508,4.224592062046353,-0.0962705768714483
1,mfcc.std.05,14.77992519960598,3.720083853255191,-0.11538114388162982
1,mfcc.std.06,13.632627761978757,3.32720455769395,-0.06831558120450906
1,mfcc.std.07,12.657907994124503,3.0058159292368916,-0.038452410899738325
1,mfcc.std.08,12.217302039939334,3.1168493243477102,0.020293861632664726
1,mfcc.std.09,11.657724223015427,2.954745340922567,0.030411350832447708
1,mfcc.std.10,11.323840218439429,2.8215374025093993,0.08620316928141224
1,mfcc.std.11,11.11835844447448,3.0266494763016825,0.13153265570456443
1,mfcc.std.12,10.837700027564187,2.9876382923981835,0.1476203918004967
1,hpcp.mean.00,0.19616329702716884,0.13092823627822475,0.09718043461921147
1,hpcp.mean.01,0.12751828631206683,0.08221890228057621,-0.11715208812348488
1,hpcp.mean.02,0.07704485623343672,0.06353803323230021,-0.1829828869996946
1,hpcp.mean.03,0.09587796921261994,0.10200069067466479,-0.0360968095981182
1,hpcp.mean.04,0.07311312223936486,0.06638819679137643,-0.17390081256829018
1,hpcp.mean.05,0.09416983995509884,0.06918503655749916,0.030534140433266715
1,hpcp.mean.06,0.14841869120762438,0.11979739612612703,0.14159980421248652
1,hpcp.mean.07,0.11262503811950739,0.07940738323741739,-0.04125557050245047
1,hpcp.mean.08,0.1318616770701842,0.08519821996175805,0.07957063656924056
1,hpcp.mean.09,0.1913082039208119,0.1442703040007824,0.11514702243537087
1,hpcp.mean.10,0.1210237100723081,0.0860314753310847,-0.11530387120624376
1,hpcp.mean.11,0.07115567176600827,0.06234608182152434,-0.17515541482359764
1,hpcp.mean.12,0.0901401675710094,0.09985967467052546,-0.006715451648908934
1,hpcp.mean.13,0.07192586145854,0.06779107911741153,-0.10617392449403107
1,hpcp.mean.14,0.11618605397954582,0.07720596155761213,0.1694514350901516
1,hpcp.mean.15,0.19133238316466397,0.13249994004427632,0.21374188529215415
1,hpcp.mean.16,0.13361555674339046,0.08671655195412681,-0.03255744781982567
1,hpcp.mean.17,0.07757783976405354,0.06197287356101036,-0.19688255363203727
1,hpcp.mean.18,0.08695778990880229,0.09365723711708873,-0.0690014458278317
1,hpcp.mean.19,0.06658922357638576,0.057429318092518916,-0.15782070868771048
1,hpcp.mean.20,0.11447750038573355,0.0807956949826096,0.1881083412313521
1,hpcp.mean.21,0.18647331025456423,0.13637625422710026,0.24372643105056102
1,hpcp.mean.22,0.1330153701859749,0.08666244762598015,0.05484583481970478
1,hpcp.mean.23,0.1263322972777524,0.07987637226054121,-0.18568135598962435
1,hpcp.mean.24,0.1675656287826286,0.13240617623297368,-0.17809262335152257
1,hpcp.mean.25,0.10083973194622152,0.08102427786478941,-0.24623682129178837
1,hpcp.mean.26,0.07388768088925536,0.06662403912725877,0.006849248628486494
1,hpcp.mean.27,0.10226110122327307,0.10451010872073511,0.08836175148450293
1,hpcp.mean.28,0.07928394245177893,0.06791175579634229,-0.046707212898778716
1,hpcp.mean.29,0.12439618650414229,0.08128021215884113,0.1709619490382585
1,hpcp.mean.30,0.19211952548174718,0.13259769014409967,0.15964103115104006
1,hpcp.mean.31,0.1256879762947604,0.08147488789614463,-0.11269339999326154
1,hpcp.mean.32,0.07607164791187813,0.06422384102340578,-0.2014703425624534
1,hpcp.mean.33,0.09320500120274071,0.09782448548306782,-0.06831191006050766
1,hpcp.mean.34,0.07959174120974884,0.06595256341678837,-0.20550902100421875
1,hpcp.mean.35,0.13126199389202084,0.08424855069203817,0.028325909022967673
1,hpcp.std.00,0.2726687685213932,0.10212600961135228,0.08291622631372907
1,hpcp.std.01,0.1893246020210502,0.07246050125596955,-0.26468300599458416
1,hpcp.std.02,0.14039421635963234,0.06699988169145882,-0.3234027455726288
1,hpcp.std.03,0.17605840425638564,0.11087171585589116,-0.1010331542497599
1,hpcp.std.04,0.14118217915358441,0.0740982855576861,-0.3053344954905255
1,hpcp.std.05,0.1550206085232025,0.06666802566625832,-0.13561848567638796
1,hpcp.std.06,0.22778617460059217,0.10737921576517889,0.11047319023536073
1,hpcp.std.07,0.1749014267563631,0.07481556903486501,-0.22047833429148508
1,hpcp.std.08,0.19216156873808027,0.06859590309639822,-0.04485249683300332
1,hpcp.std.09,0.26508847695056365,0.11297297136276259,0.08710632685691423
1,hpcp.std.10,0.17994664016553732,0.07573707908398292,-0.28140256889137605
1,hpcp.std.11,0.13184418418710098,0.0688558168417211,-0.3070116106782343
1,hpcp.std.12,0.16405193465204657,0.10819603179832538,-0.07432017858809349
1,hpcp.std.13,0.134273423471952,0.07347299335473263,-0.23808359840110718
1,hpcp.std.14,0.17363023948363565,0.06276871821128781,0.06617006208053311
1,hpcp.std.15,0.2663083001508312,0.10300655084524972,0.2322912708100422
1,hpcp.std.16,0.1968081908315832,0.07491401406576567,-0.17139046112204834
1,hpcp.std.17,0.14172288090798763,0.06937689598822065,-0.2994703894018518
1,hpcp.std.18,0.1637518634776102,0.10728933370268316,-0.1190631389065113
1,hpcp.std.19,0.12911672191286344,0.06788449389550852,-0.28141338627957024
1,hpcp.std.20,0.1722611705913565,0.0701661335147673,0.09861852354989382
1,hpcp.std.21,0.2575270213643517,0.10970090271686948,0.24722038185463793
1,hpcp.std.22,0.18922393145508232,0.07652267638100041,-0.09629532597915907
1,hpcp.std.23,0.19219674336069048,0.06800692708211163,-0.2054267405489888
1,hpcp.std.24,0.2529178967137335,0.11206754096231956,-0.22558228676755174
1,hpcp.std.25,0.1608448693235229,0.07269606819782563,-0.3236910695707197
1,hpcp.std.26,0.13355658207966817,0.07130554399364153,-0.11694285269030452
1,hpcp.std.27,0.17707591436454564,0.10994773534993409,0.03767010318625641
1,hpcp.std.28,0.1403114045925843,0.07453212389104559,-0.18131580974864683
1,hpcp.std.29,0.18506793564954302,0.06959295039349694,0.09337747417422866
1,hpcp.std.30,0.26865796137829134,0.10389174348954151,0.14906247988122107
1,hpcp.std.31,0.18712680174242144,0.07285183284947197,-0.2813721388555503
1,hpcp.std.32,0.14100185032452098,0.06760013821645088,-0.33065524831911336
1,hpcp.std.33,0.1730359565878575,0.10387841535438426,-0.14437358557501703
1,hpcp.std.34,0.14880882115599922,0.07445046918380749,-0.3501871176340482
1,hpcp.std.35,0.19566345527330442,0.07289464916737522,-0.11453991978143936
1,rhythm.bpm,128.61894999312605,25.644659326396567,0.259849563842198
1,rhythm.onset_rate,2.4327916504790776,1.1593562072624535,-0.6948597154899888
2,mfcc.mean.00,-698.6622053548597,56.77312768003139,0.3914555891989722
2,mfcc.mean.01,135.45071597993896,34.85746791601528,-0.45919704280744705
2,mfcc.mean.02,16.22695385623205,21.55222760357949,0.1986427034685864
2,mfcc.mean.03,23.566672302862283,14.263719979322927,0.33202899072779085
2,mfcc.mean.04,6.4863918592122936,10.45775251734769,0.2974699945129338
2,mfcc.mean.05,7.7436042093467705,9.152907054867654,0.4332759765896496
2,mfcc.mean.06,1.9681854234542566,7.782493278073538,0.3828206801205065
2,mfcc.mean.07,4.194876534904285,7.104154388446674,0.39812247719529004
2,mfcc.mean.08,1.0552473983962019,6.41107371182114,0.36163813723741517
2,mfcc.mean.09,2.27310087376162,5.664966556129129,0.32486473523078646
2,mfcc.mean.10,0.14867927505788522,5.244668839510024,0.2881566275546876
2,mfcc.mean.11,0.9179140717490011,4.670442009528085,0.2735461507264482
2,mfcc.mean.12,0.3077412952948606,4.258349382909981,0.2020394204066076
2,mfcc.std.00,104.19919274100467,23.982273054293916,0.09192878146855907
2,mfcc.std.01,46.308545254469124,11.72031532462862,0.0066311569932428266
2,mfcc.std.02,30.870109043590357,8.450806117791059,0.060980960885574996
2,mfcc.std.03,21.484966154920105,5.956249966761283,0.08883708024509214
2,mfcc.std.04,17.533339981714732,4.451661152154359,0.08966012139960788
2,mfcc.std.05,15.650613738307635,4.02870735376678,0.10745845411800571
2,mfcc.std.06,14.075575708502283,3.3708649332300435,0.06362466605410094
2,mfcc.std.07,12.880508264983346,2.985540065689469,0.03581206160198708
2,mfcc.std.08,12.104073346357035,2.6579482175667737,-0.018900375969300928
2,mfcc.std.09,11.498894724752892,2.4454055371202474,-0.02832314395711977
2,mfcc.std.10,10.89117614915036,2.3534891886185716,-0.08028399614893023
2,mfcc.std.11,10.445468766502739,2.191074774604829,-0.12250091628965465
2,mfcc.std.12,10.089204380254687,2.1744655764729304,-0.13748398191865732
2,hpcp.mean.00,0.17300047003080266,0.11485246737287683,-0.09050750342196413
2,hpcp.mean.01,0.14787324405828978,0.09557869839822125,0.10910779580553058
2,hpcp.mean.02,0.09791973109376902,0.05261735583534194,0.17041829804710462
2,hpcp.mean.03,0.10214149329145826,0.07668904326075857,0.03361820855221179
2,hpcp.mean.04,0.09592113752373858,0.06746135474831477,0.16195984768207125
2,hpcp.mean.05,0.09052849420376463,0.05384596913876573,-0.028437502163670244
2,hpcp.mean.06,0.11992691379226778,0.08488642680876188,-0.1318768002481898
2,hpcp.mean.07,0.11873661326915527,0.07397419310109069,0.03842274119328915
2,hpcp.mean.08,0.12004583628355955,0.0677475600133191,-0.07410688879707168
2,hpcp.mean.09,0.1627227619260744,0.11014191853285976,-0.10724040870914814
2,hpcp.mean.10,0.14120173758269627,0.09363301928221084,0.10738648740001212
2,hpcp.mean.11,0.09070419674519808,0.051430060853680404,0.16312830220031263
2,hpcp.mean.12,0.09128127639935155,0.07524836334625105,0.006254332628528922
2,hpcp.mean.13,0.08624594407047821,0.07099219032405917,0.09888345192239684
2,hpcp.mean.14,0.09306029538755912,0.061922125714019276,-0.15781598838667354
2,hpcp.mean.15,0.14169325751237022,0.10191774614862764,-0.19906521812025796
2,hpcp.mean.16,0.13929301081495676,0.09341452620248698,0.030321878385383593
2,hpcp.mean.17,0.10084557049453678,0.0582549563359802,0.18336353882752027
2,hpcp.mean.18,0.09856673093207385,0.0801342890509615,0.06426343552437397
2,hpcp.mean.19,0.08623697228210159,0.06904414773208614,0.14698389019948335
2,hpcp.mean.20,0.08825155944974629,0.060440391669028294,-0.17519181103074352
2,hpcp.mean.21,0.12921116931807433,0.09837718137231577,-0.22699086373470936
2,hpcp.mean.22,0.12414357950190273,0.08071832404521911,-0.05107982488527524
2,hpcp.mean.23,0.1542499272784968,0.07339480021163515,0.1729314756460436
2,hpcp.mean.24,0.21401061827940018,0.13359354702602885,0.1658638261968254
2,hpcp.mean.25,0.14330678273148734,0.09174362157854127,0.22932887708316516
2,hpcp.mean.26,0.0731240381510156,0.04797975761789641,-0.006378942388037094
2,hpcp.mean.27,0.0870217286654606,0.07153042994728968,-0.08229435849088934
2,hpcp.mean.28,0.08528057386089526,0.06497736571604673,0.043500044508242915
2,hpcp.mean.29,0.1002831399693832,0.06218543690000896,-0.15922278232480092
2,hpcp.mean.30,0.155473361918134,0.10130000733141013,-0.14867921953428892
2,hpcp.mean.31,0.14432688146680742,0.08839761481903341,0.10495526517747789
2,hpcp.mean.32,0.0998661883956275,0.05574752244568059,0.18763630550062038
2,hpcp.mean.33,0.10481019737738982,0.07724055906932076,0.06362124699058924
2,hpcp.mean.34,0.1075160237793996,0.0716423431044376,0.19139766656388463
2,hpcp.mean.35,0.12694473701938042,0.07354242543669351,-0.02638089979604841
2,hpcp.std.00,0.25770161856009366,0.08396097278519966,-0.07722275235988722
2,hpcp.std.01,0.22868996154329474,0.07626089690398648,0.24650844755589135
2,hpcp.std.02,0.17963452500965507,0.051957863488731014,0.30119617406812144
2,hpcp.std.03,0.19464594911248437,0.07687623337247229,0.09409567460591747
2,hpcp.std.04,0.18607839992106492,0.0714779411991468,0.2843685871928158
2,hpcp.std.05,0.17075763511185774,0.05208669750266592,0.12630619120538195
2,hpcp.std.06,0.20816031734080476,0.07360007954085204,-0.10288750696001064
2,hpcp.std.07,0.20589287142360804,0.06748521635015226,0.20533910630821864
2,hpcp.std.08,0.19765018835798798,0.057936448100681576,0.041772683220679035
2,hpcp.std.09,0.24812065305081327,0.08730178363973776,-0.0811251380688732
2,hpcp.std.10,0.22356084863057452,0.07860182496550884,0.2620799553601601
2,hpcp.std.11,0.1696014392924898,0.05223276839785007,0.2859305426335924
2,hpcp.std.12,0.17737688368985838,0.07520580173362433,0.06921695549355579
2,hpcp.std.13,0.16802890126893388,0.06950573592864775,0.22173549831747594
2,hpcp.std.14,0.16613570417156137,0.054274211297378715,-0.06162646981002409
2,hpcp.std.15,0.22372333780074866,0.08151879627831275,-0.21634090308517984
2,hpcp.std.16,0.22244863299197218,0.07774658493296029,0.15962187046473
2,hpcp.std.17,0.17990161653615797,0.05683225702561232,0.27890714216052864
2,hpcp.std.18,0.1855475370780804,0.08000925594707613,0.11088762356573266
2,hpcp.std.19,0.16804316365398855,0.06988872551496067,0.26209002996830905
2,hpcp.std.20,0.16017922350891614,0.0558191955364168,-0.09184684543380173
2,hpcp.std.21,0.20977624144739543,0.08372157149393777,-0.23024490108900292
2,hpcp.std.22,0.20343819128567303,0.07570198465406934,0.08968317110050046
2,hpcp.std.23,0.21597364912893627,0.04854370657733617,0.19132103592716065
2,hpcp.std.24,0.2990863499162315,0.09467604507900625,0.2100925939624282
2,hpcp.std.25,0.20660161648846698,0.06644536562817158,0.3014647001901378
2,hpcp.std.26,0.14776292648538927,0.052995220473087516,0.10891292760229279
2,hpcp.std.27,0.1702210152709742,0.07657957012002539,-0.03508347134271155
2,hpcp.std.28,0.16608205452732527,0.07046919617556563,0.16886569128428286
2,hpcp.std.29,0.17332782136016409,0.060063442366680625,-0.08696567469030791
2,hpcp.std.30,0.2415596328812794,0.08188495583547871,-0.13882704847738156
2,hpcp.std.31,0.22906658426050153,0.0755804857408971,0.26205161481420836
2,hpcp.std.32,0.1824156394499648,0.05512977657849269,0.30795068097804934
2,hpcp.std.33,0.1982522112268521,0.07374895033537321,0.13446011886725273
2,hpcp.std.34,0.2008428172887978,0.07045525735148193,0.32614138711952195
2,hpcp.std.35,0.21036259415864048,0.05894370296673475,0.10667499298792053
2,rhythm.bpm,116.87446578005317,19.46032170577538,-0.24200689553196827
2,rhythm.onset_rate,4.385158797758382,0.9988515183936414,0.6471469110414477
