domain,genre,count,fraction,whole_component_fraction,fraction_difference
1,60s,2,0.0020768431983385254,0.00400600901352028,-0.0019291658151817546
1,70s,3,0.003115264797507788,0.005508262393590386,-0.002392997596082598
1,80s,2,0.0020768431983385254,0.005007511266900351,-0.0029306680685618255
1,90s,2,0.0020768431983385254,0.006509764646970456,-0.0044329214486319305
1,acidjazz,0,0.0,0.0025037556334501754,-0.0025037556334501754
1,african,2,0.0020768431983385254,0.00200300450676014,7.383869157838539e-05
1,alternative,35,0.036344755970924195,0.04306459689534301,-0.006719840924418817
1,alternativerock,1,0.0010384215991692627,0.0025037556334501754,-0.0014653340342809127
1,ambient,226,0.23468328141225336,0.17225838758137205,0.06242489383088132
1,atmospheric,52,0.05399792315680166,0.03605408112168253,0.01794384203511913
1,blues,12,0.012461059190031152,0.014521782674011016,-0.0020607234839798635
1,bluesrock,0,0.0,0.000500751126690035,-0.000500751126690035
1,bossanova,4,0.004153686396677051,0.004506760140210316,-0.0003530737435332651
1,breakbeat,2,0.0020768431983385254,0.005508262393590386,-0.0034314191952518605
1,celtic,4,0.004153686396677051,0.004506760140210316,-0.0003530737435332651
1,chanson,1,0.0010384215991692627,0.00200300450676014,-0.0009645829075908773
1,chillout,68,0.07061266874350987,0.0771156735102654,-0.006503004766755527
1,choir,8,0.008307372793354102,0.004506760140210316,0.0038006126531437857
1,classical,223,0.23156801661474558,0.13019529293940912,0.10137272367533645
1,classicrock,3,0.003115264797507788,0.006009013520280421,-0.0028937487227726328
1,club,1,0.0010384215991692627,0.013520280420630946,-0.012481858821461684
1,contemporary,6,0.006230529595015576,0.0030045067601402104,0.0032260228348753657
1,country,6,0.006230529595015576,0.010015022533800702,-0.0037844929387851256
1,dance,11,0.01142263759086189,0.05257886830245368,-0.04115623071159179
1,darkambient,11,0.01142263759086189,0.009514271407110666,0.0019083661837512242
1,darkwave,4,0.004153686396677051,0.0030045067601402104,0.0011491796365368403
1,deephouse,1,0.0010384215991692627,0.00400600901352028,-0.0029675874143510173
1,disco,1,0.0010384215991692627,0.010515773660490736,-0.009477352061321474
1,downtempo,10,0.010384215991692628,0.017526289434151226,-0.007142073442458598
1,drumnbass,0,0.0,0.005508262393590386,-0.005508262393590386
1,dub,2,0.0020768431983385254,0.005007511266900351,-0.0029306680685618255
1,dubstep,3,0.003115264797507788,0.006009013520280421,-0.0028937487227726328
1,easylistening,118,0.122533748701973,0.1156735102653981,0.006860238436574906
1,edm,2,0.0020768431983385254,0.005007511266900351,-0.0029306680685618255
1,electronic,165,0.17133956386292834,0.24687030545818728,-0.07553074159525894
1,electronica,3,0.003115264797507788,0.005508262393590386,-0.002392997596082598
1,electropop,6,0.006230529595015576,0.024536805207811718,-0.01830627561279614
1,ethnicrock,1,0.0010384215991692627,0.0015022533800701052,-0.0004638317809008425
1,ethno,6,0.006230529595015576,0.006509764646970456,-0.0002792350519548797
1,eurodance,1,0.0010384215991692627,0.005007511266900351,-0.003969089667731088
1,experimental,73,0.07580477673935618,0.07210816224336505,0.003696614495991124
1,folk,64,0.06645898234683281,0.06059088632949424,0.005868096017338571
1,funk,6,0.006230529595015576,0.018527791687531298,-0.01229726209251572
1,fusion,0,0.0,0.006009013520280421,-0.006009013520280421
1,gothic,6,0.006230529595015576,0.004506760140210316,0.0017237694548052603
1,groove,6,0.006230529595015576,0.006509764646970456,-0.0002792350519548797
1,grunge,7,0.007268951194184839,0.007511266900350526,-0.00024231570616568658
1,hard,2,0.0020768431983385254,0.004506760140210316,-0.0024299169418717905
1,hardrock,9,0.009345794392523364,0.005508262393590386,0.003837531998932978
1,heavymetal,0,0.0,0.0025037556334501754,-0.0025037556334501754
1,hiphop,5,0.005192107995846314,0.03204807210816224,-0.026855964112315927
1,house,2,0.0020768431983385254,0.037055583375062595,-0.03497874017672407
1,idm,3,0.003115264797507788,0.0035052578868302454,-0.00038999308932245735
1,improvisation,8,0.008307372793354102,0.006509764646970456,0.0017976081463836457
1,indie,37,0.03842159916926272,0.0485728592889334,-0.010151260119670678
1,industrial,7,0.007268951194184839,0.015523284927391086,-0.008254333733206247
1,instrumentalpop,12,0.012461059190031152,0.009514271407110666,0.0029467877829204864
1,instrumentalrock,5,0.005192107995846314,0.007511266900350526,-0.002319158904504212
1,jazz,37,0.03842159916926272,0.03655483224837256,0.0018667669208901616
1,jazzfunk,0,0.0,0.0015022533800701052,-0.0015022533800701052
1,jazzfusion,4,0.004153686396677051,0.0035052578868302454,0.0006484285098468053
1,latin,5,0.005192107995846314,0.012518778167250876,-0.007326670171404562
1,lounge,25,0.02596053997923157,0.03505257886830245,-0.009092038889070883
1,medieval,3,0.003115264797507788,0.00200300450676014,0.001112260290747648
1,metal,15,0.01557632398753894,0.01702553830746119,-0.001449214319922251
1,minimal,12,0.012461059190031152,0.010515773660490736,0.0019452855295404164
1,newage,94,0.0976116303219107,0.06910365548322484,0.028507974838685862
1,newwave,1,0.0010384215991692627,0.00100150225338007,3.691934578919269e-05
1,orchestral,133,0.13811007268951195,0.08763144717075613,0.050478625518755815
1,oriental,2,0.0020768431983385254,0.0030045067601402104,-0.000927663561801685
1,pop,101,0.10488058151609553,0.15473209814722083,-0.0498515166311253
1,popfolk,44,0.04569055036344756,0.041061592388582875,0.004628957974864685
1,poprock,30,0.03115264797507788,0.04056084126189284,-0.00940819328681496
1,postrock,5,0.005192107995846314,0.0030045067601402104,0.0021876012357061035
1,progressive,18,0.018691588785046728,0.020530796194291438,-0.00183920740924471
1,psychedelic,14,0.014537902388369679,0.014521782674011016,1.6119714358662704e-05
1,punkrock,5,0.005192107995846314,0.007511266900350526,-0.002319158904504212
1,rap,1,0.0010384215991692627,0.011016524787180772,-0.00997810318801151
1,reggae,2,0.0020768431983385254,0.007511266900350526,-0.0054344237020120005
1,rnb,1,0.0010384215991692627,0.005508262393590386,-0.004469840794421124
1,rock,65,0.06749740394600208,0.09063595393089635,-0.02313854998489427
1,rocknroll,1,0.0010384215991692627,0.0035052578868302454,-0.0024668362876609827
1,singersongwriter,32,0.033229491173416406,0.021532298447671506,0.0116971927257449
1,ska,0,0.0,0.0015022533800701052,-0.0015022533800701052
1,soul,1,0.0010384215991692627,0.0025037556334501754,-0.0014653340342809127
1,soundtrack,330,0.3426791277258567,0.25938908362543817,0.08329004410041851
1,swing,0,0.0,0.00200300450676014,-0.00200300450676014
1,symphonic,37,0.03842159916926272,0.024536805207811718,0.013884793961451005
1,synthpop,5,0.005192107995846314,0.013520280420630946,-0.008328172424784633
1,techno,5,0.005192107995846314,0.02704056084126189,-0.02184845284541558
1,trance,6,0.006230529595015576,0.024036054081121683,-0.017805524486106106
1,tribal,2,0.0020768431983385254,0.007511266900350526,-0.0054344237020120005
1,triphop,11,0.01142263759086189,0.01702553830746119,-0.005602900716599302
1,world,30,0.03115264797507788,0.030045067601402103,0.0011075803736757782
1,worldfusion,0,0.0,0.0025037556334501754,-0.0025037556334501754
2,60s,6,0.005802707930367505,0.00400600901352028,0.001796698916847225
2,70s,8,0.007736943907156673,0.005508262393590386,0.0022286815135662873
2,80s,8,0.007736943907156673,0.005007511266900351,0.0027294326402563223
2,90s,11,0.010638297872340425,0.006509764646970456,0.004128533225369969
2,acidjazz,5,0.004835589941972921,0.0025037556334501754,0.0023318343085227456
2,african,2,0.0019342359767891683,0.00200300450676014,-6.87685299709717e-05
2,alternative,51,0.04932301740812379,0.04306459689534301,0.006258420512780777
2,alternativerock,4,0.0038684719535783366,0.0025037556334501754,0.0013647163201281612
2,ambient,118,0.11411992263056092,0.17225838758137205,-0.058138464950811125
2,atmospheric,20,0.019342359767891684,0.03605408112168253,-0.016711721353790843
2,blues,17,0.01644100580270793,0.014521782674011016,0.0019192231286969137
2,bluesrock,1,0.0009671179883945841,0.000500751126690035,0.00046636686170454915
2,bossanova,5,0.004835589941972921,0.004506760140210316,0.0003288298017626052
2,breakbeat,9,0.008704061895551257,0.005508262393590386,0.0031957995019608713
2,celtic,5,0.004835589941972921,0.004506760140210316,0.0003288298017626052
2,chanson,3,0.0029013539651837525,0.00200300450676014,0.0008983494584236125
2,chillout,86,0.08317214700193423,0.0771156735102654,0.006056473491668837
2,choir,1,0.0009671179883945841,0.004506760140210316,-0.003539642151815732
2,classical,37,0.035783365570599614,0.13019529293940912,-0.09441192736880952
2,classicrock,9,0.008704061895551257,0.006009013520280421,0.0026950483752708363
2,club,26,0.025145067698259187,0.013520280420630946,0.01162478727762824
2,contemporary,0,0.0,0.0030045067601402104,-0.0030045067601402104
2,country,14,0.013539651837524178,0.010015022533800702,0.0035246293037234765
2,dance,94,0.09090909090909091,0.05257886830245368,0.03833022260663723
2,darkambient,8,0.007736943907156673,0.009514271407110666,-0.0017773274999539927
2,darkwave,2,0.0019342359767891683,0.0030045067601402104,-0.0010702707833510421
2,deephouse,7,0.006769825918762089,0.00400600901352028,0.002763816905241809
2,disco,20,0.019342359767891684,0.010515773660490736,0.008826586107400948
2,downtempo,25,0.024177949709864602,0.017526289434151226,0.006651660275713376
2,drumnbass,11,0.010638297872340425,0.005508262393590386,0.005130035478750039
2,dub,8,0.007736943907156673,0.005007511266900351,0.0027294326402563223
2,dubstep,9,0.008704061895551257,0.006009013520280421,0.0026950483752708363
2,easylistening,113,0.109284332688588,0.1156735102653981,-0.006389177576810096
2,edm,8,0.007736943907156673,0.005007511266900351,0.0027294326402563223
2,electronic,328,0.31721470019342357,0.24687030545818728,0.07034439473523629
2,electronica,8,0.007736943907156673,0.005508262393590386,0.0022286815135662873
2,electropop,43,0.041586073500967116,0.024536805207811718,0.0170492682931554
2,ethnicrock,2,0.0019342359767891683,0.0015022533800701052,0.0004319825967190631
2,ethno,7,0.006769825918762089,0.006509764646970456,0.00026006127179163327
2,eurodance,9,0.008704061895551257,0.005007511266900351,0.0036965506286509063
2,experimental,71,0.06866537717601548,0.07210816224336505,-0.003442785067349574
2,folk,57,0.0551257253384913,0.06059088632949424,-0.005465160991002943
2,funk,31,0.029980657640232108,0.018527791687531298,0.01145286595270081
2,fusion,12,0.01160541586073501,0.006009013520280421,0.005596402340454589
2,gothic,3,0.0029013539651837525,0.004506760140210316,-0.0016054061750265633
2,groove,7,0.006769825918762089,0.006509764646970456,0.00026006127179163327
2,grunge,8,0.007736943907156673,0.007511266900350526,0.0002256770068061473
2,hard,7,0.006769825918762089,0.004506760140210316,0.0022630657785517733
2,hardrock,2,0.0019342359767891683,0.005508262393590386,-0.003574026416801218
2,heavymetal,5,0.004835589941972921,0.0025037556334501754,0.0023318343085227456
2,hiphop,59,0.05705996131528046,0.03204807210816224,0.02501188920711822
2,house,72,0.06963249516441006,0.037055583375062595,0.03257691178934746
2,idm,4,0.0038684719535783366,0.0035052578868302454,0.00036321406674809115
2,improvisation,5,0.004835589941972921,0.006509764646970456,-0.0016741747049975348
2,indie,60,0.058027079303675046,0.0485728592889334,0.009454220014741645
2,industrial,24,0.02321083172147002,0.015523284927391086,0.0076875467940789345
2,instrumentalpop,7,0.006769825918762089,0.009514271407110666,-0.0027444454883485767
2,instrumentalrock,10,0.009671179883945842,0.007511266900350526,0.0021599129835953162
2,jazz,36,0.03481624758220503,0.03655483224837256,-0.0017385846661675322
2,jazzfunk,3,0.0029013539651837525,0.0015022533800701052,0.0013991005851136473
2,jazzfusion,3,0.0029013539651837525,0.0035052578868302454,-0.0006039039216464929
2,latin,20,0.019342359767891684,0.012518778167250876,0.006823581600640808
2,lounge,45,0.043520309477756286,0.03505257886830245,0.008467730609453834
2,medieval,1,0.0009671179883945841,0.00200300450676014,-0.001035886518365556
2,metal,19,0.0183752417794971,0.01702553830746119,0.0013497034720359076
2,minimal,9,0.008704061895551257,0.010515773660490736,-0.0018117117649394786
2,newage,44,0.0425531914893617,0.06910365548322484,-0.026550463993863134
2,newwave,1,0.0009671179883945841,0.00100150225338007,-3.438426498548585e-05
2,orchestral,42,0.04061895551257253,0.08763144717075613,-0.0470124916581836
2,oriental,4,0.0038684719535783366,0.0030045067601402104,0.0008639651934381262
2,pop,208,0.2011605415860735,0.15473209814722083,0.04642844343885266
2,popfolk,38,0.0367504835589942,0.041061592388582875,-0.0043111088295886765
2,poprock,51,0.04932301740812379,0.04056084126189284,0.008762176146230947
2,postrock,1,0.0009671179883945841,0.0030045067601402104,-0.0020373887717456264
2,progressive,23,0.022243713733075435,0.020530796194291438,0.0017129175387839979
2,psychedelic,15,0.014506769825918761,0.014521782674011016,-1.5012848092254422e-05
2,punkrock,10,0.009671179883945842,0.007511266900350526,0.0021599129835953162
2,rap,21,0.020309477756286266,0.011016524787180772,0.009292952969105494
2,reggae,13,0.012572533849129593,0.007511266900350526,0.0050612669487790675
2,rnb,10,0.009671179883945842,0.005508262393590386,0.004162917490355456
2,rock,116,0.11218568665377177,0.09063595393089635,0.021549732722875414
2,rocknroll,6,0.005802707930367505,0.0035052578868302454,0.0022974500435372597
2,singersongwriter,11,0.010638297872340425,0.021532298447671506,-0.01089400057533108
2,ska,3,0.0029013539651837525,0.0015022533800701052,0.0013991005851136473
2,soul,4,0.0038684719535783366,0.0025037556334501754,0.0013647163201281612
2,soundtrack,188,0.18181818181818182,0.25938908362543817,-0.07757090180725634
2,swing,4,0.0038684719535783366,0.00200300450676014,0.0018654674468181966
2,symphonic,12,0.01160541586073501,0.024536805207811718,-0.012931389347076707
2,synthpop,22,0.02127659574468085,0.013520280420630946,0.007756315324049905
2,techno,49,0.047388781431334626,0.02704056084126189,0.020348220590072734
2,trance,42,0.04061895551257253,0.024036054081121683,0.016582901431450848
2,tribal,13,0.012572533849129593,0.007511266900350526,0.0050612669487790675
2,triphop,23,0.022243713733075435,0.01702553830746119,0.005218175425614244
2,world,30,0.029013539651837523,0.030045067601402103,-0.0010315279495645806
2,worldfusion,5,0.004835589941972921,0.0025037556334501754,0.0023318343085227456
