k,nodes,edges,components,lambda2,residual
2,2000,3311,2,0.0,
3,2000,4888,1,0.032153731715255825,4.687007118979607e-16
4,2000,6436,1,0.04139297578274978,5.756492418506706e-16
5,2000,7973,1,0.04857598030324807,1.0085764437274253e-15
6,2000,9543,1,0.05477818527356401,9.410315324032823e-16
7,2000,11119,1,0.05892720258858061,9.419026939629572e-16
8,2000,12704,1,0.06267997266055746,8.163661249383612e-16
9,2000,14279,1,0.06561575816690465,8.006659256362948e-16
10,2000,15814,1,0.0682849408697485,9.20714437773721e-16
11,2000,17353,1,0.07091741776845595,8.139034579749228e-16
12,2000,18887,1,0.07343741444916632,9.041198772082325e-16
13,2000,20417,1,0.0753732768628678,8.545502675405037e-16
14,2000,21925,1,0.07779044320884827,8.640752853632705e-16
15,2000,23459,1,0.07957463834499202,7.934850502692124e-16
16,2000,25000,1,0.08147557614166612,9.47999660995065e-16
17,2000,26522,1,0.08332918582475783,9.380498591533388e-16
18,2000,28027,1,0.08537682725027741,8.534644212926054e-16
19,2000,29562,1,0.08722721026104148,8.644380058373888e-16
20,2000,31092,1,0.08894023412614928,9.270120555913123e-16
21,2000,32604,1,0.09056961005044703,8.809673580844172e-16
22,2000,34124,1,0.09203334365610132,9.315533712690517e-16
23,2000,35642,1,0.09315098908564963,8.503006781199798e-16
24,2000,37131,1,0.09465765051834807,9.24923820567482e-16
25,2000,38627,1,0.09599912413297107,1.073830937104797e-15
26,2000,40128,1,0.09746664117746066,9.319491568879128e-16
27,2000,41641,1,0.09896648642348592,9.446934271689367e-16
28,2000,43177,1,0.10021488978529462,9.560473380148535e-16
29,2000,44681,1,0.10131307461132107,9.379712555068677e-16
30,2000,46162,1,0.10269547315534935,9.840506246386666e-16
31,2000,47689,1,0.10404673183335593,8.456063999208905e-16
32,2000,49213,1,0.10516869148482956,9.158385877321089e-16
33,2000,50703,1,0.10656008519430892,1.094188073065744e-15
34,2000,52211,1,0.10757870778143575,8.714904641425507e-16
35,2000,53735,1,0.10882360771273687,8.526484533595014e-16
36,2000,55219,1,0.10993424870797064,8.724558231721485e-16
37,2000,56726,1,0.1111707228812247,8.738667131143378e-16
38,2000,58204,1,0.11209411549195802,8.657066411461171e-16
39,2000,59714,1,0.11330247619101987,8.547668068795995e-16
40,2000,61248,1,0.11438005289853313,8.610635766519557e-16
41,2000,62739,1,0.1154508173017678,8.220411651346445e-16
42,2000,64233,1,0.11669288477477742,8.724937176918615e-16
43,2000,65697,1,0.1179024288303022,8.532436744081755e-16
44,2000,67180,1,0.11875745873883739,8.812702875490934e-16
45,2000,68690,1,0.11977076512448011,1.0338538074651571e-15
46,2000,70200,1,0.1208084703732035,9.9727241700823e-16
47,2000,71706,1,0.12180179407629596,8.781715916631406e-16
48,2000,73189,1,0.1226857902416483,9.238454240287655e-16
49,2000,74693,1,0.12348271670792918,8.650325256337712e-16
50,2000,76194,1,0.12433502102369123,9.902663218491831e-16
51,2000,77691,1,0.12542681030170355,8.733397947584548e-16
52,2000,79169,1,0.12666013767411072,8.093749146388846e-16
53,2000,80653,1,0.12747404624418804,8.364707243089597e-16
54,2000,82148,1,0.12847854845946363,8.741476591611459e-16
55,2000,83627,1,0.12947092314467545,8.600921149994122e-16
56,2000,85112,1,0.13026182960626034,9.766057733100326e-16
57,2000,86580,1,0.1313569354381605,8.694686783761937e-16
58,2000,88055,1,0.13224064257615017,8.521718953454634e-16
59,2000,89517,1,0.13296845843921218,8.493552635193306e-16
60,2000,90993,1,0.13388082624436504,1.047975864059936e-15
61,2000,92488,1,0.13485542250905885,8.665449195034444e-16
62,2000,93958,1,0.13582062218072805,8.582047853753632e-16
63,2000,95392,1,0.13671608997754414,1.1047030376958566e-15
64,2000,96867,1,0.13746996664019157,9.71344577688493e-16
