bin_left,bin_right,count,fraction
0.0,0.05,1344,0.6730095142714071
0.05,0.1,76,0.03805708562844266
0.1,0.15000000000000002,95,0.04757135703555333
0.15000000000000002,0.2,88,0.04406609914872309
0.2,0.25,27,0.013520280420630946
0.25,0.30000000000000004,7,0.0035052578868302454
0.30000000000000004,0.35000000000000003,163,0.08162243365047571
0.35000000000000003,0.4,0,0.0
0.4,0.45,0,0.0
0.45,0.5,0,0.0
0.5,0.55,4,0.00200300450676014
0.55,0.6000000000000001,0,0.0
0.6000000000000001,0.65,0,0.0
0.65,0.7000000000000001,28,0.014021031547320982
0.7000000000000001,0.75,0,0.0
0.75,0.8,0,0.0
0.8,0.8500000000000001,0,0.0
0.8500000000000001,0.9,0,0.0
0.9,0.9500000000000001,0,0.0
0.9500000000000001,1.0,165,0.08262393590385578
