global_node_index,degree,strength,triangles,clustering
0,5,3.4592016960210135,1,0.1
1,3,1.7058309259980808,0,0.0
2,2,1.5390498350416153,0,0.0
3,4,2.3856609196619063,0,0.0
4,3,2.2521164845665207,1,0.3333333333333333
5,2,1.2980686302742777,0,0.0
6,4,2.3606756431370615,0,0.0
7,4,2.80933675294267,1,0.16666666666666666
8,9,6.224394701710189,0,0.0
9,4,2.744523500239235,0,0.0
10,2,1.3967522908723993,1,1.0
11,3,1.96953790127979,0,0.0
12,2,0.9866243202230225,0,0.0
13,2,1.209165884567029,0,0.0
14,5,3.4586888156146633,0,0.0
15,3,2.0955637134767136,0,0.0
16,3,2.0098035815176303,0,0.0
17,4,2.45288826711181,0,0.0
18,2,1.4206841706846203,0,0.0
19,3,2.3224029631333756,1,0.3333333333333333
20,8,6.215693993277771,2,0.07142857142857142
21,9,7.110920423905021,3,0.08333333333333333
22,2,1.4571404055315935,0,0.0
23,3,2.1201948044101093,0,0.0
24,2,1.4685315019791774,0,0.0
25,4,2.815059938884638,0,0.0
26,2,1.4419460596337719,0,0.0
27,2,1.5947000104786961,0,0.0
28,3,2.433891090735014,1,0.3333333333333333
29,2,1.5072462500682213,0,0.0
30,3,2.105705393191039,0,0.0
31,2,0.9210412867090911,0,0.0
32,2,1.0361114235872928,1,1.0
33,3,1.857482182606842,0,0.0
34,4,2.469735646184638,0,0.0
35,2,1.387071608743672,0,0.0
36,2,1.3287570224463479,0,0.0
37,2,1.563309695755045,0,0.0
38,6,4.012961297069385,2,0.13333333333333333
39,2,1.2341522258167412,1,1.0
40,3,2.2034426469903017,0,0.0
41,5,3.7785065298991034,1,0.1
42,2,0.547792796851009,0,0.0
43,2,1.5771702473932248,0,0.0
44,2,0.7072773285524174,0,0.0
45,4,2.392392535008138,1,0.16666666666666666
46,6,4.57601584426151,0,0.0
47,5,3.63038213505428,1,0.1
48,3,1.5523283512958397,0,0.0
49,5,3.6896208652076012,0,0.0
50,5,3.341828734839046,1,0.1
51,2,1.4742630852581557,0,0.0
52,3,1.8191987201159998,0,0.0
53,3,2.2036420006362984,1,0.3333333333333333
54,4,2.9837404593895966,0,0.0
55,3,1.8733041145664915,1,0.3333333333333333
56,3,1.9292998153448817,0,0.0
57,3,2.14528637498732,0,0.0
58,3,2.1360960648337475,0,0.0
59,3,1.9984544648926437,1,0.3333333333333333
60,2,0.8466985145887733,0,0.0
61,2,0.8428460270407148,0,0.0
62,2,1.3484543418794233,0,0.0
63,3,1.8796106208784424,0,0.0
64,2,1.497751292896155,0,0.0
65,2,1.356562630161239,0,0.0
66,2,1.2692207616526745,0,0.0
67,2,1.1818108184148732,1,1.0
68,2,1.4341126110010414,0,0.0
69,4,2.7467831711980826,0,0.0
70,2,1.3778469798772346,0,0.0
71,5,3.5373107325343915,0,0.0
72,2,1.2682137831446827,0,0.0
73,4,2.9535191629851334,2,0.3333333333333333
74,2,1.2682517512486313,0,0.0
75,7,5.132148885725634,2,0.09523809523809523
76,2,1.4883528145127132,1,1.0
77,2,1.2661646366301489,0,0.0
78,4,2.8703715809407457,1,0.16666666666666666
79,2,1.2443940263112567,0,0.0
80,5,3.637992453906646,0,0.0
81,5,3.2821299948328444,1,0.1
82,2,1.0280942226021486,0,0.0
83,3,2.065921789724216,0,0.0
84,3,1.8233947910191945,2,0.6666666666666666
85,5,3.5305911652162045,0,0.0
86,3,1.159755820854342,0,0.0
87,3,1.990921894728397,0,0.0
88,2,1.2548048107310317,0,0.0
89,3,2.11524880335712,0,0.0
90,4,2.938867422617713,0,0.0
91,3,2.1929123635902767,0,0.0
92,3,1.7665478593466866,0,0.0
93,2,1.5309947909270285,0,0.0
94,3,1.9591370581385572,0,0.0
95,4,2.9508175976204485,0,0.0
96,2,0.4046014249734352,1,1.0
97,3,2.1806917971541524,0,0.0
98,4,2.690136178892055,1,0.16666666666666666
99,7,4.921005907197436,1,0.047619047619047616
100,2,1.4521358789349448,1,1.0
101,2,1.5041203909333474,0,0.0
102,3,2.1941007855411034,0,0.0
103,7,5.192612953732232,1,0.047619047619047616
104,2,0.9285490577204737,0,0.0
105,4,2.59026770194126,1,0.16666666666666666
106,3,1.869887618975544,0,0.0
107,3,1.9354573591663526,0,0.0
108,2,1.423098295019115,0,0.0
109,3,2.3679175492571995,0,0.0
110,2,1.333811079155405,1,1.0
111,3,1.8829488880470662,0,0.0
112,3,1.7178240750511273,0,0.0
113,2,1.0118970120891917,0,0.0
114,2,1.2689894051119561,0,0.0
115,10,7.00864560981034,3,0.06666666666666667
116,5,2.562540313305464,1,0.1
117,4,2.046869151418378,0,0.0
118,3,1.7578379106211237,0,0.0
119,5,3.6566343123939697,2,0.2
120,2,1.4110556104949032,0,0.0
122,5,2.7157176236731235,0,0.0
123,2,1.0330738072212797,1,1.0
124,5,3.85365376128401,2,0.2
125,7,5.229046189962803,1,0.047619047619047616
126,2,1.5948114424807476,0,0.0
127,2,1.1882589579145273,0,0.0
129,2,1.3191484558849687,0,0.0
130,2,0.48382386901113933,1,1.0
131,2,1.4686003404762236,1,1.0
132,4,2.914707938100329,2,0.3333333333333333
133,5,3.405261449629256,2,0.2
134,4,2.848267782345669,0,0.0
135,3,2.2737943323500955,1,0.3333333333333333
136,2,1.1292731358101253,0,0.0
137,7,5.550402379506163,1,0.047619047619047616
138,2,1.0042962307858716,0,0.0
139,3,1.9812795769664722,1,0.3333333333333333
140,3,1.989832622681547,0,0.0
141,7,5.571050759902723,1,0.047619047619047616
142,2,1.3035243137524082,1,1.0
143,3,1.4118639410066312,0,0.0
144,6,4.29907999881922,1,0.06666666666666667
145,2,1.2471540115697421,0,0.0
146,5,2.5119232081181346,1,0.1
147,5,3.4238736561122103,0,0.0
148,2,1.3434372580524656,0,0.0
149,2,1.3815022930494099,0,0.0
150,2,1.1798437791997138,0,0.0
151,4,2.642342170399516,0,0.0
152,2,0.9748094010955066,0,0.0
153,2,0.6648552755014525,1,1.0
154,6,3.988122718475274,1,0.06666666666666667
155,4,2.5621279141378097,1,0.16666666666666666
156,2,1.1500820970707926,0,0.0
157,2,0.8112183650539201,0,0.0
158,2,1.3987817137482965,0,0.0
159,2,1.3104714130537072,0,0.0
160,6,4.221239042482543,1,0.06666666666666667
161,2,0.9038801022094447,0,0.0
162,3,1.5225157987128144,0,0.0
163,2,1.324752942172895,0,0.0
164,2,0.7882159150912353,0,0.0
165,3,0.26323181588662237,2,0.6666666666666666
166,4,2.525070926659934,1,0.16666666666666666
167,2,1.0101303232165342,1,1.0
168,8,5.725506163072182,1,0.03571428571428571
169,3,2.112298641073433,1,0.3333333333333333
170,2,1.2700303547484615,0,0.0
171,2,1.3551751516040236,0,0.0
172,3,1.5673773520607075,0,0.0
173,5,3.0823968225645,0,0.0
174,5,2.878301282330012,1,0.1
175,4,2.6898472128563364,0,0.0
176,5,3.4379611455458745,2,0.2
177,4,2.344060523168663,1,0.16666666666666666
178,3,1.5736390340188082,1,0.3333333333333333
179,9,7.109203034617346,1,0.027777777777777776
180,3,1.615139180517275,0,0.0
181,2,1.2063184009212091,0,0.0
182,3,1.954935492853012,0,0.0
183,3,2.156620464386102,0,0.0
184,6,4.596635974624306,1,0.06666666666666667
185,2,1.394226407727115,0,0.0
186,2,1.336102271560283,1,1.0
187,4,3.0643027705296886,1,0.16666666666666666
188,2,1.4440184561802247,0,0.0
189,3,2.1761774015224438,0,0.0
190,2,1.5823906301239181,0,0.0
191,4,2.332487149754055,0,0.0
192,2,1.3312567995429112,0,0.0
193,2,1.2404593509498059,1,1.0
194,3,2.2483251635833605,0,0.0
195,4,2.9212659816440416,0,0.0
196,3,2.2251288954919297,2,0.6666666666666666
197,2,1.4250672478573327,0,0.0
198,2,1.3549135657596698,0,0.0
199,5,2.581107986990265,0,0.0
200,2,0.9285578825977795,1,1.0
201,2,1.2320906461562209,0,0.0
202,3,2.312394967905624,0,0.0
203,9,6.089689337131807,3,0.08333333333333333
204,3,1.5760041663022368,0,0.0
205,2,1.2100348431986183,0,0.0
206,2,0.9743864708157212,0,0.0
207,3,1.5192696196639175,0,0.0
208,4,2.99422233075286,1,0.16666666666666666
209,2,1.6995443352339867,1,1.0
210,2,1.3722254873468724,0,0.0
211,5,3.0018641413772986,0,0.0
212,6,4.096743928611911,1,0.06666666666666667
213,9,6.287030422118352,4,0.1111111111111111
214,3,1.8043680578251835,0,0.0
215,2,1.3680387813562802,0,0.0
216,2,1.5107147891675974,0,0.0
217,3,1.612030621585879,0,0.0
218,2,1.3017050131590495,0,0.0
219,2,1.4040762556190836,0,0.0
220,3,2.1111437458588767,1,0.3333333333333333
221,2,1.3840112505954714,0,0.0
222,3,2.211605541943741,0,0.0
223,3,1.823183985346255,0,0.0
224,6,3.941329096141139,0,0.0
225,2,0.9727215833853384,0,0.0
226,2,1.4894035872695097,0,0.0
227,6,4.492147094803316,1,0.06666666666666667
228,3,2.232111868430709,0,0.0
229,5,2.666332062991164,0,0.0
230,9,6.226692762383186,1,0.027777777777777776
231,4,2.756188843782251,0,0.0
232,4,2.672370494124978,0,0.0
233,5,3.175397505006671,0,0.0
234,6,3.3149716954588944,0,0.0
235,3,2.2021751111358703,0,0.0
236,2,1.230701264966552,0,0.0
237,2,1.0419990436731066,0,0.0
238,5,3.224664931016135,0,0.0
239,4,3.0490816472658553,2,0.3333333333333333
240,6,4.240328852441132,1,0.06666666666666667
241,2,1.4959956547574396,0,0.0
242,3,2.1322915865453713,1,0.3333333333333333
243,2,1.4193995791357092,0,0.0
244,3,2.130436414052885,0,0.0
245,3,1.6472634275575473,0,0.0
246,2,1.44364293807942,1,1.0
247,2,1.31406647895218,0,0.0
248,2,0.9865071299635642,0,0.0
249,3,1.609490989860895,0,0.0
250,2,1.506187805151567,0,0.0
251,5,3.6994637308386378,1,0.1
252,2,1.139061685073083,0,0.0
253,2,0.9856505192830343,1,1.0
254,6,4.783349620554037,1,0.06666666666666667
255,2,1.2049080312772407,0,0.0
256,2,0.9061894381971831,0,0.0
257,2,1.3192445784726854,0,0.0
258,2,1.1931515055592947,0,0.0
259,2,0.9142659681022809,0,0.0
260,2,1.560772472401022,0,0.0
261,10,6.962810770210552,4,0.08888888888888889
262,2,1.4237875979719519,0,0.0
263,2,1.3931074095331093,0,0.0
264,5,3.901777751820744,2,0.2
265,4,3.0775867056248707,1,0.16666666666666666
266,2,1.155492356993183,0,0.0
267,2,1.2737434476953315,0,0.0
268,2,1.3787225643910244,0,0.0
269,2,1.2048524495850748,0,0.0
270,5,3.6059160086860835,1,0.1
271,4,2.4613056214157485,0,0.0
272,7,4.456538719245925,2,0.09523809523809523
273,2,1.161941285888512,0,0.0
274,5,3.1574886584754456,0,0.0
275,3,1.8381936816909261,0,0.0
276,2,1.5195811090403835,1,1.0
277,3,1.809312977762438,0,0.0
278,4,2.670180410763929,2,0.3333333333333333
279,2,1.278913545677613,1,1.0
280,5,3.06057650546769,0,0.0
281,3,2.005824592768052,0,0.0
282,2,1.3792266460155034,0,0.0
283,3,2.1350290154326723,0,0.0
284,2,0.9783018436207045,0,0.0
285,3,2.369766208012287,0,0.0
286,3,1.8449621406433616,0,0.0
287,6,4.016940142564816,2,0.13333333333333333
288,3,2.003568281269642,1,0.3333333333333333
289,2,0.874952056345744,0,0.0
290,2,1.0530721698634413,0,0.0
291,2,1.430926668270328,0,0.0
292,6,4.16306068470648,1,0.06666666666666667
293,2,1.4173710431690283,1,1.0
294,3,1.5726658579201875,0,0.0
295,2,0.5023448300843114,0,0.0
296,2,1.298890591945319,0,0.0
297,2,1.382399172956811,0,0.0
298,5,3.2773392207792313,0,0.0
299,6,4.177627002121411,2,0.13333333333333333
300,2,1.4141829752067245,0,0.0
301,7,3.6106314548997753,1,0.047619047619047616
302,3,1.9962066960364446,1,0.3333333333333333
303,2,1.427338238164105,0,0.0
304,2,1.1836411268445444,0,0.0
305,3,2.403208796014312,0,0.0
306,3,1.8555267863029599,1,0.3333333333333333
307,4,2.397069727601628,0,0.0
308,2,1.3367472773820053,0,0.0
309,4,2.681267192006552,0,0.0
310,3,1.823718011871906,1,0.3333333333333333
311,5,3.448062539159718,0,0.0
312,2,1.3684330100116835,0,0.0
313,3,1.591705471279976,0,0.0
314,2,1.0722053753504261,0,0.0
315,3,1.9863166883602361,1,0.3333333333333333
316,3,1.9852685354252153,1,0.3333333333333333
317,3,2.21964125900531,0,0.0
318,2,1.221072237505711,0,0.0
319,2,1.400082074624915,0,0.0
320,5,3.6328228954403854,2,0.2
321,2,1.3261487199662487,0,0.0
322,5,3.7037399837185525,1,0.1
323,2,1.3564944678839674,0,0.0
324,8,6.375999582278655,2,0.07142857142857142
325,3,2.1849801099400676,0,0.0
326,4,2.933540524864083,0,0.0
327,2,1.4886657311795517,0,0.0
328,2,1.150021475487166,0,0.0
329,10,6.874373266375939,5,0.1111111111111111
330,3,2.2485626015071567,0,0.0
331,2,1.4601488949931243,0,0.0
332,2,1.2691457542307159,1,1.0
333,2,1.5658905078384535,0,0.0
334,2,1.351798631699486,0,0.0
335,2,1.2702512357629232,0,0.0
336,3,1.5884321780353345,1,0.3333333333333333
337,6,3.786927198508609,1,0.06666666666666667
338,5,3.2687308375771025,2,0.2
339,6,3.575799861498198,0,0.0
340,2,1.2562903703017263,0,0.0
341,4,2.082140048618944,0,0.0
342,2,1.3348418515188585,0,0.0
343,2,1.3641473794091814,0,0.0
344,3,2.0094824962967786,0,0.0
345,3,2.0063267967361993,0,0.0
346,3,2.496077856808877,1,0.3333333333333333
347,3,2.297246563071333,1,0.3333333333333333
348,2,1.3418877161148484,0,0.0
349,3,1.4700712404756509,0,0.0
350,2,1.5858176708605498,0,0.0
351,2,1.1303562548676287,0,0.0
352,2,1.1168986537502157,1,1.0
353,3,1.7590632304317269,0,0.0
354,3,2.0347654349448385,2,0.6666666666666666
355,2,1.0676319806673833,1,1.0
356,4,2.615007106840401,0,0.0
357,3,2.2918491440544395,2,0.6666666666666666
358,2,1.4565618274290677,1,1.0
359,5,3.6454959795914377,0,0.0
360,19,14.327598349338723,9,0.05263157894736842
361,6,4.35820936591639,4,0.26666666666666666
362,6,4.552217677176358,0,0.0
363,7,5.462804503144538,0,0.0
364,7,5.341667527124353,3,0.14285714285714285
365,7,4.657584826030017,0,0.0
366,2,1.187197224574296,0,0.0
367,2,0.9514977720289932,0,0.0
368,2,1.4158064796491245,0,0.0
369,2,1.4581917953843602,1,1.0
370,3,1.7745556606362698,1,0.3333333333333333
371,2,1.5425259444145039,0,0.0
372,4,2.6676532043053456,0,0.0
373,4,2.904548664749256,1,0.16666666666666666
374,2,1.1985635179191525,1,1.0
375,2,1.1608552481027443,0,0.0
376,4,2.424516315777748,1,0.16666666666666666
377,6,3.86601046137738,0,0.0
378,3,2.1579420655731507,0,0.0
379,2,1.4122355722486053,0,0.0
380,5,3.42441005865944,0,0.0
381,7,4.963474302744608,3,0.14285714285714285
382,4,3.0258015619650873,1,0.16666666666666666
383,3,2.150797473843673,0,0.0
384,2,1.3621877770502286,1,1.0
385,15,9.750147006571275,4,0.0380952380952381
386,2,1.218937886888701,0,0.0
387,2,1.4442759306986306,0,0.0
388,3,1.9535005463179118,1,0.3333333333333333
389,2,1.3951767249667513,0,0.0
390,2,1.4337954402780935,0,0.0
391,5,3.783392671458059,1,0.1
392,3,2.0963290374636196,0,0.0
393,2,1.114731785467141,1,1.0
394,5,3.726417729081197,1,0.1
395,6,4.0974239966594475,1,0.06666666666666667
396,7,5.126040058987561,2,0.09523809523809523
397,4,2.8818592316154676,0,0.0
398,2,1.302606581059737,0,0.0
399,5,3.046166336722265,1,0.1
400,3,2.2006939292611456,0,0.0
401,3,2.239997236895545,1,0.3333333333333333
402,3,1.8355832453748415,0,0.0
403,8,6.25548171540694,3,0.10714285714285714
404,3,2.0130611187338148,0,0.0
405,2,1.6051845515525451,0,0.0
406,2,1.1320726653383513,0,0.0
407,2,1.2616547325494682,0,0.0
408,3,1.5950423934727527,0,0.0
409,2,1.5776064788769033,1,1.0
410,4,2.847458163542799,1,0.16666666666666666
411,2,1.1378199595123624,0,0.0
412,2,0.6810439178647143,0,0.0
413,3,1.8999135585891458,0,0.0
414,2,1.2803676279794953,0,0.0
415,4,2.6581716667000097,0,0.0
416,2,1.191106178084184,0,0.0
417,2,1.3055590271489235,0,0.0
418,9,6.850716743714294,0,0.0
419,4,2.742206960198718,2,0.3333333333333333
420,2,1.309609042919177,0,0.0
421,3,2.192366589254908,1,0.3333333333333333
422,2,1.4234365438247616,1,1.0
423,8,4.958432343038551,1,0.03571428571428571
424,3,2.041101877418336,0,0.0
425,2,1.2661859209948243,0,0.0
426,2,1.4112999106032142,0,0.0
427,2,1.0402179212571896,0,0.0
428,2,1.1038409384327954,0,0.0
429,4,2.3301762023231385,1,0.16666666666666666
430,3,1.6616959491880219,0,0.0
431,3,2.1540377962953468,0,0.0
432,4,2.642459894223133,1,0.16666666666666666
433,3,1.6458858807571601,1,0.3333333333333333
434,3,1.9303125773686574,0,0.0
435,3,2.038871067790274,0,0.0
436,7,5.042256461388516,1,0.047619047619047616
437,3,1.9517815891596104,0,0.0
438,5,3.6028299530035732,1,0.1
439,5,3.784492545426727,0,0.0
440,2,1.4444142002203795,0,0.0
441,2,1.4411717191975575,0,0.0
442,3,1.5840651068293439,0,0.0
443,2,1.0749812564025254,0,0.0
444,3,1.7620079561881952,0,0.0
445,2,1.1816503981892796,0,0.0
446,2,1.398557569314164,1,1.0
447,3,2.0397331835281682,0,0.0
448,2,0.9416619715358243,0,0.0
449,2,1.4811020663461605,0,0.0
450,2,1.3734881816212017,0,0.0
451,2,1.3762719750991588,0,0.0
452,3,2.2558980100097505,1,0.3333333333333333
453,7,4.943393642850966,3,0.14285714285714285
454,2,1.4660563138684473,0,0.0
455,6,4.64030167989928,4,0.26666666666666666
456,6,4.671042742717094,1,0.06666666666666667
457,3,1.4341659910041018,1,0.3333333333333333
458,5,2.8055426398679133,0,0.0
459,5,3.062168502814861,1,0.1
460,3,1.6898946728987037,0,0.0
461,9,6.107193112343634,1,0.027777777777777776
462,3,2.2197178200006498,0,0.0
463,3,1.7117842788271427,0,0.0
464,2,1.3608408016149305,0,0.0
465,7,5.068127881523437,0,0.0
466,2,1.3958702676416281,0,0.0
467,11,6.862375650034665,4,0.07272727272727272
468,4,2.1638732776185465,1,0.16666666666666666
469,4,3.0656784188056942,2,0.3333333333333333
470,6,4.163229341546269,3,0.2
471,6,4.693127688332968,1,0.06666666666666667
472,2,1.1938445788049805,0,0.0
473,3,1.9292255999977137,2,0.6666666666666666
474,4,3.131455048566226,2,0.3333333333333333
475,3,2.0771930663697984,0,0.0
476,4,2.3584312990730654,1,0.16666666666666666
477,2,1.4254066097786415,0,0.0
478,5,3.5613211708459285,1,0.1
479,4,3.2027592291291898,2,0.3333333333333333
480,10,7.47237246354075,2,0.044444444444444446
481,2,0.3930878982780129,0,0.0
482,4,2.6046349744569968,1,0.16666666666666666
483,2,1.4196047974373542,1,1.0
484,3,2.1129581626369953,0,0.0
485,3,2.0575574061165867,0,0.0
486,4,2.8681945516033296,2,0.3333333333333333
487,4,2.8706356114402345,0,0.0
488,3,1.7501453528539914,0,0.0
489,3,2.091338023344336,2,0.6666666666666666
490,7,4.198052985706375,2,0.09523809523809523
491,9,5.729492543780273,2,0.05555555555555555
492,3,1.9110370433373292,1,0.3333333333333333
493,2,0.9762030014269757,0,0.0
494,3,1.689243656637585,1,0.3333333333333333
495,2,1.0167275472176136,0,0.0
496,5,3.3532038453813895,1,0.1
497,2,1.339884163950591,0,0.0
498,3,2.151004935863829,0,0.0
499,3,2.20608402607829,1,0.3333333333333333
500,3,2.214288246008832,1,0.3333333333333333
501,2,1.505391358896723,1,1.0
502,3,2.1363345579431576,1,0.3333333333333333
503,3,2.2725608146648306,0,0.0
504,3,0.8926816468698187,0,0.0
505,3,1.885119265267065,1,0.3333333333333333
506,2,1.5213630432933827,0,0.0
507,3,2.0641671740733987,0,0.0
508,3,2.2794264982601247,1,0.3333333333333333
509,4,2.6638402505854613,1,0.16666666666666666
510,2,1.4125478500965354,1,1.0
511,3,2.113117010345473,0,0.0
512,4,2.6783128341840317,0,0.0
513,2,1.068548246189604,0,0.0
514,4,2.683609262188453,3,0.5
515,6,4.739815067740806,3,0.2
516,2,1.2508622522206654,0,0.0
517,2,1.578882340024597,0,0.0
518,4,2.680940438920053,0,0.0
519,10,7.082254112713496,0,0.0
520,3,2.013959524819156,0,0.0
521,3,1.4793669843837802,0,0.0
522,7,4.864126294286529,0,0.0
523,2,1.4726043659946544,0,0.0
524,2,1.492779115928181,0,0.0
525,7,5.039918292780204,3,0.14285714285714285
526,3,1.96988221487794,0,0.0
527,8,4.896394517803412,3,0.10714285714285714
528,2,1.4209505867381687,0,0.0
529,4,3.169372610483591,0,0.0
530,2,1.2092781846986917,1,1.0
531,2,1.439902271181405,0,0.0
532,3,1.9552700271887815,0,0.0
533,3,2.129168821132217,0,0.0
534,2,0.6177582584519358,0,0.0
535,2,1.3791274846651778,0,0.0
536,15,11.146586075993264,3,0.02857142857142857
537,4,2.373125732990016,0,0.0
538,3,1.9183702128321296,0,0.0
539,3,2.196612111746183,1,0.3333333333333333
540,3,1.9836454567224866,0,0.0
541,3,1.7297966792883006,0,0.0
542,4,3.032698284067429,1,0.16666666666666666
543,2,1.4072416366247418,0,0.0
544,4,2.398622079866537,1,0.16666666666666666
545,2,0.8797031338569,0,0.0
546,2,1.497393899893212,0,0.0
547,3,2.181818268474837,0,0.0
548,5,3.8635324636461688,1,0.1
549,6,4.733555887836637,2,0.13333333333333333
550,4,2.4062800437228247,1,0.16666666666666666
551,2,0.9511871632874067,0,0.0
552,2,1.586195370752553,0,0.0
553,9,6.717943000756743,2,0.05555555555555555
554,6,4.335288499922207,0,0.0
555,3,1.9265076230147877,0,0.0
556,8,5.395952263682194,0,0.0
557,3,1.8524074419386283,0,0.0
558,4,3.055984597953663,2,0.3333333333333333
559,2,1.3355239032200408,0,0.0
560,7,5.210261009823883,3,0.14285714285714285
561,2,1.0431439187993723,0,0.0
562,2,1.2815382157081312,0,0.0
563,6,3.792650048500957,1,0.06666666666666667
564,7,4.910396865063105,0,0.0
565,6,4.329173404198516,1,0.06666666666666667
566,2,1.3344172468619664,0,0.0
567,3,1.8736257344847025,0,0.0
568,5,3.3499371187325426,0,0.0
569,4,2.473922884033401,0,0.0
570,4,2.582205213194592,0,0.0
571,2,1.0802601951690587,0,0.0
572,2,1.9695140610375592,1,1.0
573,2,1.3568479652010845,0,0.0
574,3,2.104017798087784,0,0.0
575,3,2.2175589725142797,1,0.3333333333333333
576,2,1.5435332148097702,0,0.0
577,5,2.984241621559308,0,0.0
578,6,4.199250755241435,0,0.0
579,4,2.3781669793257443,1,0.16666666666666666
580,5,2.7672995258803024,1,0.1
581,5,3.006645123869878,1,0.1
582,3,1.5310538450742883,0,0.0
583,3,1.632255048885508,0,0.0
584,3,1.6412362576808155,1,0.3333333333333333
585,2,1.1049840652962486,0,0.0
586,3,1.9011793981718734,0,0.0
587,3,1.8941560394493986,2,0.6666666666666666
588,2,1.2604206968645544,0,0.0
589,2,1.448420683614468,0,0.0
590,4,2.971518975485031,0,0.0
591,3,2.3018653143886887,1,0.3333333333333333
592,2,1.1719603092242705,0,0.0
593,3,1.758440142492978,0,0.0
594,3,1.9881092820352406,0,0.0
595,3,2.051021769717852,0,0.0
596,6,4.1537694413475705,3,0.2
597,2,1.2382967609832227,0,0.0
598,3,0.9255097999800825,0,0.0
599,2,1.5197554134504765,0,0.0
600,2,0.9962295345701868,0,0.0
601,2,1.4111292884944628,0,0.0
602,2,1.1773393957044822,0,0.0
603,2,1.5681288732411476,0,0.0
604,2,1.1961270541495823,0,0.0
605,3,2.2733942381795695,1,0.3333333333333333
606,4,2.839829956349419,0,0.0
607,3,1.9418668461204809,1,0.3333333333333333
608,5,2.801586801099255,0,0.0
609,5,3.569087757555761,2,0.2
610,5,3.682451885347793,1,0.1
611,2,1.546624668770947,0,0.0
612,2,1.4319436342348082,0,0.0
613,6,4.068484402772329,0,0.0
614,2,1.1640158910735026,0,0.0
615,4,2.834524923225942,0,0.0
616,2,1.4307215922917016,1,1.0
617,4,2.397328497658057,1,0.16666666666666666
618,2,1.0404064265279276,0,0.0
619,2,1.4263129271041022,0,0.0
620,3,1.7008110866737414,0,0.0
621,5,3.405216737950496,1,0.1
622,6,3.3642911624298346,0,0.0
623,3,2.0725919802959787,0,0.0
624,2,1.3042457886658507,0,0.0
625,2,0.7841062591427688,0,0.0
626,2,1.3774017715777154,0,0.0
627,5,3.5519238309114978,0,0.0
628,3,1.713291057448238,0,0.0
629,4,1.8934924422212482,0,0.0
630,4,2.300794289805387,1,0.16666666666666666
631,6,4.212669264434769,0,0.0
632,2,1.3036043990309132,0,0.0
633,3,1.5853013878455984,1,0.3333333333333333
634,5,3.792558185969335,1,0.1
635,2,1.3913172908631966,0,0.0
636,3,1.7610208176232078,0,0.0
637,2,1.1272101457140797,0,0.0
638,3,1.4162119670244955,0,0.0
639,2,0.9093903685940228,0,0.0
640,2,1.4064550434563845,0,0.0
641,4,2.479025656804951,0,0.0
642,4,3.0882971629894276,0,0.0
643,2,1.2652082651860042,0,0.0
644,3,1.9798575892532326,0,0.0
645,2,1.3034672158244889,0,0.0
646,2,1.4143247607919207,0,0.0
647,3,2.029223202261009,0,0.0
648,2,1.4217470748923051,0,0.0
649,6,4.131121870414574,0,0.0
650,3,1.7201146106747929,0,0.0
651,2,1.114507537459903,0,0.0
652,5,3.2500905460136917,0,0.0
653,4,2.655314436610773,0,0.0
654,2,1.357281987661104,0,0.0
655,7,5.14437142627863,2,0.09523809523809523
656,3,2.3045564649363017,0,0.0
657,2,1.252343439321253,0,0.0
658,4,3.048075401242682,0,0.0
659,5,3.4585867727253854,0,0.0
660,3,2.101872962441531,0,0.0
661,5,3.78937318338769,2,0.2
662,2,1.4585303182677842,0,0.0
663,2,1.4492015336694086,0,0.0
664,6,4.601567768539001,1,0.06666666666666667
665,2,1.5933536483061403,1,1.0
666,2,1.224438986615096,0,0.0
667,5,2.6556037100297076,0,0.0
668,3,2.090568989576496,1,0.3333333333333333
669,2,1.3151263885888835,0,0.0
670,4,2.5954253003294188,1,0.16666666666666666
671,2,1.0185924645187914,0,0.0
672,4,2.651782834858223,1,0.16666666666666666
673,2,1.4585275233551802,0,0.0
674,2,1.4491364754271203,0,0.0
675,2,1.5655019202430482,1,1.0
676,2,1.4507491775295587,0,0.0
677,2,1.2643946999003322,0,0.0
678,2,1.0867015386532164,1,1.0
679,8,5.980127729138662,4,0.14285714285714285
680,11,7.335883389094022,4,0.07272727272727272
681,3,2.2960017742593504,0,0.0
682,2,1.136517071469698,1,1.0
683,6,4.373195773789558,4,0.26666666666666666
684,2,1.455406624286458,0,0.0
685,2,1.585037478574495,0,0.0
686,2,1.2239028836312857,0,0.0
687,2,0.9503326486973847,0,0.0
688,4,2.339073604402218,0,0.0
689,7,4.353566449029624,2,0.09523809523809523
690,2,0.9289309085689275,0,0.0
691,2,1.248515718492448,0,0.0
692,8,5.550003961926471,2,0.07142857142857142
693,2,1.2309628077628647,1,1.0
694,3,1.5024167311166345,1,0.3333333333333333
695,3,1.8083521571428411,0,0.0
696,2,1.1974697176553686,0,0.0
697,6,4.048979701384471,1,0.06666666666666667
698,2,1.3023267859062821,0,0.0
699,3,2.0891015609049806,0,0.0
700,2,1.4288269590802563,0,0.0
701,2,1.5342219318254706,0,0.0
702,5,3.418816898946441,1,0.1
703,2,1.5920300733778352,0,0.0
704,4,2.620712434021037,0,0.0
705,5,3.5701791053970386,0,0.0
706,2,1.3208657638831844,0,0.0
707,5,3.070187525696296,0,0.0
708,2,1.4006500278209932,0,0.0
709,6,4.414689079297741,2,0.13333333333333333
710,3,1.8623945095676167,0,0.0
711,2,1.3999771715299263,0,0.0
712,11,8.40427321780937,5,0.09090909090909091
713,7,4.450794178346022,0,0.0
714,2,1.1944192067058934,0,0.0
715,3,2.3167278748126057,0,0.0
716,2,1.0425944653860406,0,0.0
717,2,1.196163956662696,0,0.0
718,4,2.721824545106349,0,0.0
719,4,2.6354293556895425,0,0.0
720,4,3.0684310150946725,1,0.16666666666666666
721,7,4.834101873232121,1,0.047619047619047616
722,2,1.4296319676809874,1,1.0
723,3,1.986155589626532,0,0.0
724,3,1.9065416913337472,1,0.3333333333333333
725,3,1.4121991424520541,0,0.0
726,4,2.4261443202106667,0,0.0
727,3,1.9985141800003057,0,0.0
728,2,1.4122155071641904,0,0.0
729,2,1.3560700902691771,0,0.0
730,4,2.8651705259908637,1,0.16666666666666666
731,2,1.46280241874962,0,0.0
732,2,1.3041353180335244,0,0.0
733,2,1.260465244787114,0,0.0
734,4,2.806174805229527,0,0.0
735,3,1.499301046590914,1,0.3333333333333333
736,3,2.0709626818073827,1,0.3333333333333333
737,6,4.14752763192071,1,0.06666666666666667
738,2,1.2992871802223391,0,0.0
739,2,1.4018000222440654,0,0.0
740,2,1.3355670230640553,0,0.0
741,3,2.324641770535628,0,0.0
742,2,1.3688958790375572,0,0.0
743,4,2.91053387301891,1,0.16666666666666666
744,3,2.30195947192392,0,0.0
745,3,1.8938654005584943,1,0.3333333333333333
746,2,1.1925269365819475,1,1.0
747,4,2.4505549986509747,0,0.0
748,3,2.046345937377528,0,0.0
749,2,1.1242230691591062,1,1.0
750,4,2.5701751077761394,2,0.3333333333333333
751,5,2.6572774212247396,2,0.2
752,3,1.8731561417202762,0,0.0
753,2,1.267051887379697,1,1.0
754,2,1.1770099685632172,0,0.0
755,3,1.9176933190023817,1,0.3333333333333333
756,2,1.5953054967895657,0,0.0
757,2,1.2285407785943288,0,0.0
758,5,2.916284233433567,0,0.0
759,4,2.7463432705161073,1,0.16666666666666666
760,3,2.193395236271222,0,0.0
761,7,5.1700669217726425,0,0.0
762,8,5.780772203527238,0,0.0
763,4,2.6218371630998476,0,0.0
764,3,1.7435210484674872,0,0.0
765,2,1.3729470158624464,0,0.0
766,2,1.280708786119448,0,0.0
767,6,4.188470955208869,1,0.06666666666666667
768,3,1.930965132235831,0,0.0
769,4,2.8353458840384196,0,0.0
770,2,1.3278507645336146,0,0.0
771,5,3.5375352720225877,1,0.1
772,3,2.083619173160991,0,0.0
773,4,3.087466694973522,1,0.16666666666666666
774,7,4.7031180323284225,0,0.0
775,2,1.4212772713083743,1,1.0
776,4,2.7013944323584282,2,0.3333333333333333
777,2,1.4215241628844042,0,0.0
778,4,3.021171622432672,0,0.0
779,3,2.069546081689833,0,0.0
780,2,1.4261891424343922,1,1.0
781,2,1.3049284081898533,0,0.0
782,4,2.924712295349873,0,0.0
783,7,4.419353164371931,1,0.047619047619047616
784,2,1.0341479539789145,0,0.0
785,4,2.642408985242732,0,0.0
786,2,0.9384599696563933,0,0.0
787,2,0.7206416372256357,0,0.0
788,3,1.7683859725217312,0,0.0
789,3,1.822792710796455,0,0.0
790,10,7.184184612135348,0,0.0
791,4,3.12993018905107,1,0.16666666666666666
792,3,2.2617020015577474,1,0.3333333333333333
793,2,1.4480987756926331,0,0.0
794,3,1.991379490738634,0,0.0
795,2,1.3168422828281858,0,0.0
796,4,2.394372450722241,0,0.0
797,4,2.8220174290856628,2,0.3333333333333333
798,2,0.9478372229078765,0,0.0
799,2,0.8346674882472704,0,0.0
800,2,1.4715341490050506,0,0.0
801,3,2.3159872999495748,0,0.0
802,2,1.3681355051777269,0,0.0
803,2,1.3916904191151631,0,0.0
804,9,6.375071046915975,2,0.05555555555555555
805,3,1.7615906146446376,1,0.3333333333333333
806,2,0.9615525951600975,0,0.0
807,2,0.8141545865572526,0,0.0
808,2,0.6811051430487922,0,0.0
809,4,2.739977865213704,0,0.0
810,3,1.9552486650532126,0,0.0
811,3,1.5784475674817215,0,0.0
812,2,1.0302770296352262,0,0.0
813,2,1.150000291609114,0,0.0
814,3,1.6191945735763384,0,0.0
815,5,3.206330253947569,0,0.0
816,3,1.7608354930277184,0,0.0
817,3,2.125232661856773,0,0.0
818,4,2.4046810941310977,1,0.16666666666666666
819,2,1.4200819529617,0,0.0
820,2,1.3229277812908635,0,0.0
821,4,1.744979413700666,0,0.0
822,8,5.64346330018124,1,0.03571428571428571
823,6,4.4732417834687626,2,0.13333333333333333
824,4,2.739298941742921,0,0.0
825,2,1.4200018402145658,1,1.0
826,2,1.190990089222871,0,0.0
827,3,2.545631964852012,2,0.6666666666666666
828,6,3.9724992457331476,0,0.0
829,3,2.1639781138156207,0,0.0
830,2,1.271498862646763,0,0.0
831,5,3.669396315390483,0,0.0
832,3,2.116527284130998,2,0.6666666666666666
833,4,2.8753539791947853,0,0.0
834,3,1.8413742236179726,0,0.0
835,2,1.4363261586814615,0,0.0
836,2,0.8528071956955758,0,0.0
837,4,2.661895611332536,0,0.0
838,2,1.145956418297025,0,0.0
839,2,1.4835798473154318,0,0.0
840,4,2.601533330389223,1,0.16666666666666666
841,3,1.9773831427934465,1,0.3333333333333333
842,3,1.9937755365608503,1,0.3333333333333333
843,2,1.4336310061495379,0,0.0
844,2,1.342296746773709,0,0.0
845,3,2.2416890716912663,0,0.0
846,2,1.4222093625685812,0,0.0
847,2,1.2277217383368182,0,0.0
848,2,1.110828067474003,0,0.0
849,2,0.8409100750132311,0,0.0
850,2,1.10121417607892,0,0.0
851,4,2.4439202751522737,0,0.0
852,2,1.5195380339461058,0,0.0
853,2,1.3903667451635884,1,1.0
854,2,1.4234196003164297,0,0.0
855,4,3.0348113157935215,0,0.0
856,3,2.2311282729130917,1,0.3333333333333333
857,3,1.4383006364862714,1,0.3333333333333333
858,3,2.053866178135708,2,0.6666666666666666
859,2,1.4904935261201309,0,0.0
860,3,1.9331917201300035,0,0.0
861,3,2.2935951647894033,1,0.3333333333333333
862,2,1.1460040031195804,0,0.0
863,6,3.9892990788354576,1,0.06666666666666667
864,4,2.873166631770996,1,0.16666666666666666
865,3,1.8152018917695085,0,0.0
866,2,1.2180293627911776,0,0.0
867,3,1.666610008499394,0,0.0
868,3,2.1657486497480094,0,0.0
869,4,2.925535166276129,2,0.3333333333333333
870,4,2.4839463304800518,0,0.0
871,2,1.4393944555716613,0,0.0
872,2,1.0668193247969913,0,0.0
873,2,1.0585810842228556,0,0.0
874,2,0.6385126137591969,0,0.0
875,2,0.8642929863666141,0,0.0
876,2,0.9732847740527906,0,0.0
877,2,1.5508078719897207,0,0.0
878,3,2.266436104857351,0,0.0
879,3,1.9708217964744073,0,0.0
880,2,1.4592414812292593,0,0.0
881,3,2.244830404746151,1,0.3333333333333333
882,2,0.9718070525655951,0,0.0
883,2,1.0287015604446244,0,0.0
884,2,1.4314720824600131,0,0.0
885,3,1.5807779117382506,0,0.0
886,8,6.254594992928532,0,0.0
887,7,5.374202398368794,1,0.047619047619047616
888,3,2.0086792895036707,0,0.0
889,2,1.2917920011434048,0,0.0
890,3,1.8711261344556427,0,0.0
891,4,2.1582653210856257,1,0.16666666666666666
892,2,1.4064234311923345,0,0.0
893,2,1.0431681252273197,0,0.0
894,3,2.3370367808297288,2,0.6666666666666666
895,2,1.3661420036951006,1,1.0
896,2,1.3026122277597512,0,0.0
897,2,1.3128937301404195,0,0.0
898,2,0.9605813289693658,0,0.0
899,3,2.1624016077262764,1,0.3333333333333333
900,2,1.098753475052098,0,0.0
901,2,1.019901735465612,0,0.0
902,4,2.4515565156939725,0,0.0
903,4,2.823907987761534,1,0.16666666666666666
904,8,5.639215801260893,2,0.07142857142857142
905,7,4.825024857653248,2,0.09523809523809523
906,2,1.5157488766238405,1,1.0
907,2,1.4380392702059344,0,0.0
908,4,2.3735843319546968,0,0.0
909,2,0.8986550261450763,1,1.0
910,2,1.262450961892857,0,0.0
911,2,0.6883147787827999,0,0.0
912,2,1.2076045975391496,0,0.0
913,5,2.5129473175009567,0,0.0
914,2,1.030563404549695,0,0.0
915,2,0.8863959274117093,0,0.0
916,2,1.1985403503075953,0,0.0
917,2,1.2208272608959767,0,0.0
918,3,2.0375049450344664,0,0.0
919,2,1.5837893605834537,1,1.0
920,2,1.305074608946783,0,0.0
921,6,4.403189747045218,1,0.06666666666666667
922,2,1.285305841150892,0,0.0
923,5,3.7982112227942113,1,0.1
924,3,2.2170592970284106,0,0.0
925,2,0.8422092202397037,0,0.0
926,5,1.6421759128298272,1,0.1
927,2,0.7944737391671299,0,0.0
928,2,1.0668441863323999,0,0.0
929,3,2.225739238426973,1,0.3333333333333333
930,2,1.1398103501466248,1,1.0
931,2,1.2754191164561148,0,0.0
932,3,1.8761997146194693,0,0.0
933,4,2.595565099036192,1,0.16666666666666666
934,2,1.0389260303882142,0,0.0
935,3,1.5885919895249003,1,0.3333333333333333
936,3,2.037457822045871,0,0.0
937,3,1.9856662007847272,1,0.3333333333333333
938,2,1.583269128177938,0,0.0
939,3,2.0778420541891007,0,0.0
940,5,3.5270224464880524,0,0.0
941,4,1.707048260879802,2,0.3333333333333333
942,3,2.1741785826446076,1,0.3333333333333333
943,3,2.327807796958284,0,0.0
944,3,1.9864298456308882,0,0.0
945,3,1.6343848637513008,0,0.0
946,3,2.228123186179558,2,0.6666666666666666
947,2,1.1457165591425844,0,0.0
948,4,2.9859535788308955,1,0.16666666666666666
949,2,1.1436816538720227,0,0.0
950,2,0.957739525191113,0,0.0
951,2,0.5116723368165563,0,0.0
952,2,1.0865530742185776,0,0.0
953,3,2.1564006063695382,1,0.3333333333333333
954,2,1.258899827276852,0,0.0
955,2,0.8817882102286123,0,0.0
956,8,5.777803964438513,2,0.07142857142857142
957,2,1.1916523572190423,0,0.0
958,2,1.4159268735412998,0,0.0
959,2,1.2023751415106254,0,0.0
960,2,1.375469392098178,1,1.0
961,3,1.8692476409435792,0,0.0
962,2,1.6100931656882818,1,1.0
963,3,2.265476705075894,0,0.0
964,2,1.6179943142398925,1,1.0
965,2,0.7914224460230359,0,0.0
966,4,3.049573340728462,1,0.16666666666666666
967,2,1.3178770366352328,0,0.0
968,2,0.7609079510043077,0,0.0
969,2,1.3829610540356216,0,0.0
970,3,2.0999636185948933,1,0.3333333333333333
971,4,3.1567565734523124,1,0.16666666666666666
972,2,1.481736776248698,0,0.0
973,4,2.2424117986376224,0,0.0
974,3,1.7896589330473016,1,0.3333333333333333
975,10,8.036710749961475,3,0.06666666666666667
976,4,2.982961197331604,2,0.3333333333333333
977,3,2.2519417103479933,0,0.0
978,4,3.094043692715772,3,0.5
979,8,6.033989181967858,1,0.03571428571428571
980,9,6.880465680216068,5,0.1388888888888889
981,7,5.255113484736934,3,0.14285714285714285
982,3,2.1339582754336766,1,0.3333333333333333
983,3,2.125002771977408,1,0.3333333333333333
984,3,2.030541318423358,1,0.3333333333333333
985,2,1.1662909071577916,1,1.0
986,2,1.0405423532285676,0,0.0
987,8,5.921354099115152,2,0.07142857142857142
988,2,1.307476118662569,0,0.0
989,2,1.3091593127057182,0,0.0
990,5,3.339125187332018,1,0.1
991,2,1.4656626195143412,1,1.0
992,2,1.3534271250089458,0,0.0
993,3,2.123966906228439,0,0.0
994,2,1.204117775697433,0,0.0
995,2,1.368997036124231,0,0.0
996,2,1.456234985253356,0,0.0
997,2,1.179861535686947,0,0.0
998,2,1.3970207005737638,0,0.0
999,2,1.4692427720275951,0,0.0
1000,3,2.059736189361739,0,0.0
1001,3,2.1763090732833703,2,0.6666666666666666
1002,2,1.4985458092370516,1,1.0
1003,4,2.7750014434808814,0,0.0
1004,2,1.512829239581022,1,1.0
1005,2,1.0388031001461568,0,0.0
1006,2,1.5373647113025437,0,0.0
1007,2,1.3137384475725216,0,0.0
1008,3,2.1781388578209664,0,0.0
1009,2,1.247865266105802,1,1.0
1010,2,1.4375103036922883,0,0.0
1011,3,2.1425962758243964,0,0.0
1012,2,1.3807909237967513,1,1.0
1013,4,2.886922225189142,2,0.3333333333333333
1014,3,2.0026724639625497,0,0.0
1015,2,1.3197036472180304,1,1.0
1016,2,1.4310227433439622,1,1.0
1017,2,1.5327397412803236,1,1.0
1018,2,1.084395069257467,0,0.0
1019,7,4.774170513970509,1,0.047619047619047616
1020,2,1.5944582782597345,0,0.0
1021,5,3.2356749191717986,2,0.2
1022,2,0.9781638740777904,0,0.0
1023,2,1.3314321228044401,0,0.0
1024,2,1.3923541259102985,1,1.0
1025,2,1.281951556769586,0,0.0
1026,3,1.7062178328221251,0,0.0
1027,2,0.9136310133914851,0,0.0
1028,4,2.7774986584499155,2,0.3333333333333333
1029,3,1.8391173919213164,2,0.6666666666666666
1030,4,2.6563239812642863,0,0.0
1031,4,2.432679394718899,0,0.0
1032,3,1.7133812071106385,0,0.0
1033,2,1.0266717584264642,0,0.0
1034,9,5.788063132846438,1,0.027777777777777776
1035,2,1.4980870954109344,0,0.0
1036,3,2.1750812202897802,0,0.0
1037,6,4.101314890047939,2,0.13333333333333333
1038,2,1.3792644890378356,0,0.0
1039,7,4.556746900857347,2,0.09523809523809523
1040,2,1.4717336468637783,0,0.0
1041,2,1.3701564892950922,0,0.0
1042,8,6.655878531324994,4,0.14285714285714285
1043,2,1.5668273357180298,0,0.0
1044,2,1.4271665128268047,1,1.0
1045,6,4.118373472929743,2,0.13333333333333333
1046,2,1.2412601588519911,0,0.0
1047,3,2.020821946251058,0,0.0
1048,2,1.4606916286891138,0,0.0
1049,2,1.1688700582265512,0,0.0
1050,8,5.5750981236379324,1,0.03571428571428571
1051,2,1.2449295266610982,0,0.0
1052,4,2.637745966643093,0,0.0
1053,3,2.2350859760971185,1,0.3333333333333333
1054,4,3.3008907854379927,2,0.3333333333333333
1055,2,1.1542259310436191,0,0.0
1056,6,4.59310377722798,3,0.2
1057,2,1.2284895430985343,1,1.0
1058,5,3.446087147224435,1,0.1
1059,2,1.047417729141749,0,0.0
1060,3,2.1138212366577602,1,0.3333333333333333
1061,3,2.331142507024524,0,0.0
1062,3,1.8690565157747852,0,0.0
1063,2,1.2735874863515817,0,0.0
1064,4,2.9682086537684054,0,0.0
1065,4,2.5760398235230664,0,0.0
1066,9,6.7780271998042405,5,0.1388888888888889
1067,3,2.4068591467821454,2,0.6666666666666666
1068,2,1.0375421777327678,1,1.0
1069,2,1.3247575750528637,0,0.0
1070,3,1.3135001213643722,0,0.0
1071,3,1.9980582639419882,0,0.0
1072,3,1.4045234114087128,0,0.0
1073,2,1.1629746566051853,1,1.0
1074,7,5.043471332716039,0,0.0
1075,3,1.8272480121498607,0,0.0
1076,2,1.3890801165896145,0,0.0
1077,2,0.7388572166160209,0,0.0
1078,5,3.532912555344425,0,0.0
1079,2,1.482859729292414,0,0.0
1080,5,3.2223334988605923,0,0.0
1081,3,1.9757925714659994,1,0.3333333333333333
1082,3,2.196747985616239,0,0.0
1083,2,1.3092555272833293,1,1.0
1084,2,1.1178191575907697,0,0.0
1085,7,5.362455792498961,2,0.09523809523809523
1086,4,2.6824123162719142,0,0.0
1087,2,1.3614376471971223,1,1.0
1088,2,1.2378577110329336,0,0.0
1089,7,5.185131301200839,1,0.047619047619047616
1090,3,2.0246997444423243,0,0.0
1091,3,1.8903684574532762,0,0.0
1092,3,2.0262646749726168,1,0.3333333333333333
1093,2,1.6137172735317602,0,0.0
1094,5,3.5340318471051893,0,0.0
1095,2,1.0163166599681086,0,0.0
1096,5,3.6002089815148457,1,0.1
1097,4,2.689573567581579,0,0.0
1098,4,3.1173796557855,0,0.0
1099,2,1.412673177254174,0,0.0
1100,4,2.9698452652716325,0,0.0
1101,5,2.8164817823084953,1,0.1
1102,4,2.2805762137262318,0,0.0
1103,8,5.965285191529129,4,0.14285714285714285
1104,2,1.1695040500473817,1,1.0
1105,2,1.3552076289328077,0,0.0
1106,2,0.9758467140238923,0,0.0
1107,2,0.9903338169732847,0,0.0
1108,2,1.4734946322251712,0,0.0
1109,8,5.7187043840398974,0,0.0
1110,2,1.0843972023079484,0,0.0
1111,5,3.0835706685392053,2,0.2
1112,6,4.07290266078722,2,0.13333333333333333
1113,4,2.4888945280503854,1,0.16666666666666666
1114,3,1.7669331916944446,0,0.0
1115,3,1.8373125570691107,0,0.0
1116,2,0.9209855780592253,0,0.0
1117,2,1.376931132860891,0,0.0
1118,2,1.2004424391217097,0,0.0
1119,2,1.0213280703279375,0,0.0
1120,2,1.4090712575490303,1,1.0
1121,3,2.265417837770469,1,0.3333333333333333
1122,7,5.123340720088579,0,0.0
1123,3,2.133615140036414,0,0.0
1124,3,2.3674906488490595,1,0.3333333333333333
1125,4,2.6211179300346976,0,0.0
1126,2,1.1079500212378046,0,0.0
1127,2,1.0387415576204222,0,0.0
1128,3,1.938870771397009,0,0.0
1129,3,1.7909387908843808,0,0.0
1130,2,1.3721627842183493,0,0.0
1131,2,1.2288863803020518,0,0.0
1132,5,3.232681304787765,1,0.1
1133,5,3.996861492178451,2,0.2
1134,4,2.4269733764165933,0,0.0
1135,3,1.5203455515413955,0,0.0
1136,2,1.0157336351052821,1,1.0
1137,3,1.8166356882896126,1,0.3333333333333333
1138,3,2.130190953862621,0,0.0
1139,3,2.3989819378572044,0,0.0
1140,5,3.4874830341999994,1,0.1
1141,2,1.4565564792069807,0,0.0
1142,2,1.2956798346273222,1,1.0
1143,3,1.7543464063919925,1,0.3333333333333333
1144,5,3.673593225783775,2,0.2
1145,2,0.9603570889684294,0,0.0
1146,2,1.2963524650024647,0,0.0
1147,3,2.1477214598593695,1,0.3333333333333333
1148,3,1.8123198359778274,0,0.0
1149,2,1.4766433333256483,0,0.0
1150,4,3.064705636845404,3,0.5
1151,3,2.015138534327491,0,0.0
1152,4,2.811727138723568,1,0.16666666666666666
1153,3,1.9221817904330345,1,0.3333333333333333
1154,2,1.3414553208951658,0,0.0
1155,3,2.0301167072746074,0,0.0
1156,5,2.4003422605444453,0,0.0
1157,3,2.124010016006002,1,0.3333333333333333
1158,2,1.0491708859268087,0,0.0
1159,3,1.1170765336725903,0,0.0
1160,2,1.2857128416965535,0,0.0
1161,2,0.9415782763403608,0,0.0
1162,2,1.4803448920550981,0,0.0
1163,3,1.9910284154160514,0,0.0
1164,4,2.6911340601011635,0,0.0
1165,2,1.258249980869084,0,0.0
1166,2,1.2975449676316915,1,1.0
1167,3,2.1052248047380884,0,0.0
1168,7,4.908203253631458,1,0.047619047619047616
1169,2,1.4230332770698537,0,0.0
1170,2,1.3847992836359249,1,1.0
1171,6,4.357868662878197,1,0.06666666666666667
1172,6,3.5368048261867244,1,0.06666666666666667
1173,2,1.4292801696852928,0,0.0
1174,3,2.078004004027406,0,0.0
1175,5,3.733382711659887,2,0.2
1176,4,2.3465687305798584,0,0.0
1177,3,2.3327713228663667,0,0.0
1178,5,3.7592627487134203,1,0.1
1179,3,1.9114076441677443,0,0.0
1180,3,2.219509745557877,2,0.6666666666666666
1181,4,2.574858595770669,2,0.3333333333333333
1182,4,3.112707983642738,0,0.0
1183,4,2.9949216826395304,0,0.0
1184,2,1.5914100690443123,0,0.0
1185,2,1.4243058417578291,0,0.0
1186,2,0.786149963866186,0,0.0
1187,2,1.1166529262702143,0,0.0
1188,5,3.829864341775687,2,0.2
1189,2,1.3437840803566727,0,0.0
1190,2,1.334788331216926,1,1.0
1191,4,3.073535369424736,0,0.0
1192,12,9.591184924093149,4,0.06060606060606061
1193,2,1.3991300797884798,1,1.0
1194,4,2.745491735227816,0,0.0
1195,3,1.4887727888097562,0,0.0
1196,3,1.538642381896457,0,0.0
1197,5,3.4794493691690835,1,0.1
1198,3,2.160044323026509,1,0.3333333333333333
1199,8,5.717522399186605,1,0.03571428571428571
1200,5,3.9607328460481437,1,0.1
1201,2,1.2915798793089333,0,0.0
1202,3,1.968410229106856,1,0.3333333333333333
1203,2,1.4468282537237624,0,0.0
1204,4,2.483643379430452,1,0.16666666666666666
1205,4,2.5232907198736303,0,0.0
1206,2,1.2111104220123932,0,0.0
1207,4,2.938851467075355,1,0.16666666666666666
1208,2,1.3740858461816403,0,0.0
1209,2,1.2460016237742626,0,0.0
1210,4,2.5387048911293655,0,0.0
1211,2,1.0708868474925157,0,0.0
1212,2,1.4744759683267024,0,0.0
1213,3,2.3994158099753085,0,0.0
1214,2,1.252973080199804,0,0.0
1215,3,1.7780578016595423,1,0.3333333333333333
1216,2,1.4197453935181847,0,0.0
1217,2,1.021975696860056,0,0.0
1218,2,1.4579932592644271,0,0.0
1219,11,8.11209867686669,1,0.01818181818181818
1220,2,1.269402336239748,0,0.0
1221,2,1.141549614223098,0,0.0
1222,4,2.3849011823997044,0,0.0
1223,9,6.248826908434576,0,0.0
1224,5,3.326504684654913,1,0.1
1225,4,2.9185935730545935,0,0.0
1226,10,7.633109720261294,0,0.0
1227,2,1.4215453201885415,0,0.0
1228,3,2.159771193670892,0,0.0
1229,2,1.218095398167311,0,0.0
1230,6,4.3271413024613965,0,0.0
1231,2,1.282437924535912,0,0.0
1232,3,2.060613503516964,0,0.0
1233,2,1.3491374574566493,0,0.0
1234,3,2.0975742769594596,0,0.0
1235,2,0.9272106531135547,0,0.0
1236,2,1.211818821708798,0,0.0
1237,3,2.0620824599170517,1,0.3333333333333333
1238,4,3.0150994903594563,0,0.0
1239,2,1.249365497567586,0,0.0
1240,3,1.985900854278647,0,0.0
1241,3,1.2166656969891458,0,0.0
1242,3,1.847126980358793,1,0.3333333333333333
1243,5,3.34199936352329,0,0.0
1244,4,3.0141676869851484,1,0.16666666666666666
1245,3,2.291639049656081,0,0.0
1246,2,1.3238068178177238,0,0.0
1247,4,2.7029658409845183,0,0.0
1248,2,1.1991756717967248,1,1.0
1249,6,4.293984272097641,1,0.06666666666666667
1250,3,1.994506775536116,0,0.0
1251,2,1.4407973450313696,0,0.0
1252,3,2.3456245168100818,1,0.3333333333333333
1253,5,3.677200833509435,0,0.0
1254,3,1.4381729004877344,0,0.0
1255,5,3.8015057505223258,1,0.1
1256,2,1.4116139548434097,1,1.0
1257,2,1.7813415313484557,1,1.0
1258,4,2.4549003259605877,0,0.0
1259,9,6.786842848707153,4,0.1111111111111111
1260,2,1.311245777061115,0,0.0
1261,4,2.464363621564072,0,0.0
1262,2,1.3572873616722183,1,1.0
1263,5,2.9601391676682125,1,0.1
1264,2,1.0362714509238788,0,0.0
1265,3,1.8648122906354674,0,0.0
1266,4,3.135385062779314,1,0.16666666666666666
1267,4,2.1805470761437458,0,0.0
1268,2,1.3779054557625392,0,0.0
1269,2,1.4715929483418462,0,0.0
1270,2,1.4970750468133955,0,0.0
1271,3,2.123905341061498,1,0.3333333333333333
1272,3,2.063107899169037,0,0.0
1273,2,1.4350108097971255,0,0.0
1274,4,2.291371652691355,1,0.16666666666666666
1275,4,2.7938273366127175,0,0.0
1276,2,1.4940714698933948,1,1.0
1277,3,2.4814262537711813,2,0.6666666666666666
1278,2,1.2312476216919854,0,0.0
1279,2,1.50648975471859,1,1.0
1280,4,2.9869612352413477,2,0.3333333333333333
1281,2,1.401043341641619,0,0.0
1282,3,2.368658936876865,2,0.6666666666666666
1283,3,1.6460934279980657,1,0.3333333333333333
1284,5,3.464119105399992,0,0.0
1285,2,1.410017290545209,0,0.0
1286,2,1.4532641098637686,0,0.0
1287,3,2.072345340088437,1,0.3333333333333333
1288,2,1.4196447704877158,0,0.0
1289,3,2.259987861176303,1,0.3333333333333333
1290,2,1.3272828489268753,0,0.0
1291,9,6.262137893909514,1,0.027777777777777776
1292,4,2.747620406889691,0,0.0
1293,2,1.3601620457298937,1,1.0
1294,2,1.2154187396530878,0,0.0
1295,4,2.5531546716504407,1,0.16666666666666666
1296,4,2.7337145245385623,1,0.16666666666666666
1297,2,1.3721855839401784,0,0.0
1298,3,1.7686203219859502,0,0.0
1299,3,1.8652469150701854,0,0.0
1300,5,3.9455609559264184,0,0.0
1301,2,1.54968471491715,0,0.0
1302,2,1.1787114641396368,1,1.0
1303,5,3.0062809837684643,0,0.0
1304,2,1.2514457195800777,0,0.0
1305,4,3.0913933133690144,1,0.16666666666666666
1306,2,1.2717736958278811,0,0.0
1307,3,1.8320152215717567,0,0.0
1308,3,2.4814262537711813,2,0.6666666666666666
1309,3,2.029020698193589,0,0.0
1310,2,1.3847133326416592,1,1.0
1311,2,1.3954645854384684,0,0.0
1312,2,0.7562396527482816,0,0.0
1313,2,1.3652681018394857,0,0.0
1314,2,1.2392648985331771,0,0.0
1315,2,1.3805129142644037,0,0.0
1316,2,1.1198658831553756,0,0.0
1317,2,1.4393680918105884,0,0.0
1318,3,1.55378785758533,0,0.0
1319,3,1.759456560939563,0,0.0
1320,4,2.5962283292589867,0,0.0
1321,3,1.7776409022291435,1,0.3333333333333333
1322,8,5.733153510701763,4,0.14285714285714285
1323,2,1.2922044343855168,1,1.0
1324,2,1.469125457265958,0,0.0
1325,2,1.412455191750246,0,0.0
1326,2,1.6966389104337969,1,1.0
1327,3,2.35266999086687,0,0.0
1328,2,1.3226835927382148,0,0.0
1329,5,3.426395747014837,1,0.1
1330,3,1.3450379771786352,0,0.0
1331,2,1.1375033135337898,0,0.0
1332,2,1.2017916763711698,1,1.0
1333,2,1.4865555679935398,1,1.0
1334,2,1.5947034187474158,1,1.0
1335,4,2.941827659918054,0,0.0
1336,2,1.5047080610606975,0,0.0
1337,4,2.809970949593159,1,0.16666666666666666
1338,4,2.732132714061759,1,0.16666666666666666
1339,3,1.8476675793633501,0,0.0
1340,2,0.9126060584241504,0,0.0
1341,6,4.036073929149915,3,0.2
1342,5,3.482278505663072,1,0.1
1343,2,0.9939408678331305,0,0.0
1344,2,0.7155621312633426,0,0.0
1345,3,1.986381408962015,0,0.0
1346,2,1.4749461899786587,0,0.0
1347,3,1.8516677651343993,0,0.0
1348,2,1.2927141648992104,0,0.0
1349,3,2.2026379124822335,0,0.0
1350,3,1.9536361526338373,1,0.3333333333333333
1351,2,1.1780594848915447,0,0.0
1352,2,1.415683298933521,0,0.0
1353,2,1.3491842074718174,0,0.0
1354,3,2.489879647489566,2,0.6666666666666666
1355,2,1.2733089630950307,0,0.0
1356,4,2.761831448822089,1,0.16666666666666666
1357,4,2.9447226134955184,0,0.0
1358,2,0.9141312729170443,0,0.0
1359,3,2.043511460528172,0,0.0
1360,2,1.395127985382784,0,0.0
1361,3,1.9307330029663687,1,0.3333333333333333
1362,2,1.304391703845336,1,1.0
1363,2,1.1074919475392555,0,0.0
1364,2,0.6508571369952573,0,0.0
1365,2,0.6958939900017076,1,1.0
1366,2,1.2640509617331144,0,0.0
1367,2,1.1967717063543577,0,0.0
1368,2,1.527172786251255,0,0.0
1369,2,1.3949838815927555,0,0.0
1370,4,2.9840495371655735,1,0.16666666666666666
1371,3,1.952108802543815,1,0.3333333333333333
1372,4,2.615649981347109,1,0.16666666666666666
1373,6,4.480881277958015,3,0.2
1374,4,2.7773958350955392,1,0.16666666666666666
1375,2,1.345962494185812,0,0.0
1376,2,1.1452503412400654,1,1.0
1377,2,1.2490621251414387,0,0.0
1378,2,1.634518038098447,1,1.0
1379,4,3.1411832964525166,3,0.5
1380,3,2.444673683717184,1,0.3333333333333333
1381,5,3.6708874408937326,1,0.1
1382,2,1.2022357497031235,0,0.0
1383,2,1.3093207632635675,0,0.0
1384,3,2.194553107324933,0,0.0
1385,2,1.527346733819026,0,0.0
1386,8,4.313290567246601,1,0.03571428571428571
1387,2,1.3771820431627415,1,1.0
1388,3,2.101577365068307,1,0.3333333333333333
1389,3,1.7285977330332964,0,0.0
1390,4,3.1001851575608343,1,0.16666666666666666
1391,11,7.457370497965648,2,0.03636363636363636
1392,2,1.3976088319112714,0,0.0
1393,5,3.366189426157081,0,0.0
1394,2,1.2972659817047791,1,1.0
1395,3,1.5906541627749282,0,0.0
1396,2,1.3140868199262852,1,1.0
1397,2,1.2904114152099346,0,0.0
1398,6,4.157282334165052,1,0.06666666666666667
1399,2,1.3148681631596593,0,0.0
1400,3,1.638691489245118,1,0.3333333333333333
1401,4,2.377328069143402,0,0.0
1402,3,1.3909323078940918,1,0.3333333333333333
1403,3,1.4985363361043476,1,0.3333333333333333
1404,3,2.085776525191013,0,0.0
1405,4,2.7996168682058635,0,0.0
1406,2,1.5263729560743657,0,0.0
1407,3,2.0878548396563774,0,0.0
1408,4,2.5054576178677053,0,0.0
1409,2,1.002974718931405,0,0.0
1410,5,3.493391141848651,0,0.0
1411,3,1.5478464714599647,0,0.0
1412,4,2.0631046029820657,1,0.16666666666666666
1413,3,2.0882632957507647,0,0.0
1414,3,1.5155827574652658,0,0.0
1415,2,1.472751405842839,1,1.0
1416,4,2.374364461437166,0,0.0
1417,3,1.8736927126627307,0,0.0
1418,2,0.9508821463375214,0,0.0
1419,2,1.1386509942919703,0,0.0
1420,2,1.1615741006934726,0,0.0
1421,6,3.069709990507066,1,0.06666666666666667
1422,4,2.153123155264913,1,0.16666666666666666
1423,2,1.0338960473253782,0,0.0
1424,2,1.0785611150957428,0,0.0
1425,2,1.6015899511156588,1,1.0
1426,3,1.9086920489224513,0,0.0
1427,4,2.704239284417624,1,0.16666666666666666
1428,3,2.1218433360590763,0,0.0
1429,2,1.3723261074726691,1,1.0
1430,2,1.283887535921225,0,0.0
1431,2,1.3921412443467869,1,1.0
1432,3,2.2098214573079042,1,0.3333333333333333
1433,3,1.9202896136734307,0,0.0
1434,7,4.516559481636398,2,0.09523809523809523
1435,15,10.997785349940278,2,0.01904761904761905
1436,4,3.0150897914705888,0,0.0
1437,2,1.36010173766735,0,0.0
1438,2,1.434876096151745,0,0.0
1439,2,1.2786488748960245,1,1.0
1440,2,1.488323090053655,0,0.0
1441,2,1.341660948676121,0,0.0
1442,2,0.5353931426660615,0,0.0
1443,2,1.4475684774328643,1,1.0
1444,2,1.401932979503166,0,0.0
1445,4,2.1604897597245727,0,0.0
1446,2,0.573774659375822,0,0.0
1447,2,0.7375794833805834,0,0.0
1448,10,7.278215087274501,3,0.06666666666666667
1449,2,1.3224249827267676,0,0.0
1450,2,1.3137127845082412,0,0.0
1451,2,1.1642573220438637,0,0.0
1452,2,1.601369903080163,0,0.0
1453,2,1.5450786156028733,0,0.0
1454,5,3.4152632140260133,0,0.0
1455,3,1.9333552616199137,0,0.0
1456,3,2.261636916147301,1,0.3333333333333333
1457,3,2.398895238532755,0,0.0
1458,2,1.2284143067501172,0,0.0
1459,3,2.056667958441423,0,0.0
1460,4,2.252468016978824,0,0.0
1461,4,2.902540737898587,0,0.0
1462,3,2.461450394179767,2,0.6666666666666666
1463,2,1.737442544806426,1,1.0
1464,2,1.4275853644976793,0,0.0
1465,2,0.23141133921335938,1,1.0
1466,2,1.2206909932888559,0,0.0
1467,3,2.3034896919506327,0,0.0
1468,3,2.1690704278972115,0,0.0
1469,3,1.3302423153827867,0,0.0
1470,3,1.7990820900495514,0,0.0
1471,2,1.3874160354570764,0,0.0
1472,6,4.267786766201127,4,0.26666666666666666
1473,4,2.816757212589241,1,0.16666666666666666
1474,2,1.308763075421242,0,0.0
1475,6,4.157817888654232,2,0.13333333333333333
1476,2,1.1506263339037766,0,0.0
1477,3,2.32258824128135,0,0.0
1478,7,5.445153156791312,3,0.14285714285714285
1479,3,2.0175180582996406,0,0.0
1480,2,1.4990805312947688,1,1.0
1481,5,3.7786984766468965,2,0.2
1482,12,7.561604929752666,3,0.045454545454545456
1483,5,2.537513594083935,1,0.1
1484,2,1.4334955869582204,1,1.0
1485,5,2.9930847641560097,0,0.0
1486,6,3.275393766804653,0,0.0
1487,6,4.014994277077151,1,0.06666666666666667
1488,10,7.1410836150617225,4,0.08888888888888889
1489,4,2.874506256812077,1,0.16666666666666666
1490,2,1.5816151913542655,0,0.0
1491,2,0.9722585055948243,0,0.0
1492,6,4.44405904814188,0,0.0
1493,3,2.18680418130154,0,0.0
1494,3,1.7495406162800082,0,0.0
1495,2,1.5404448741821932,0,0.0
1496,3,2.043584868368483,0,0.0
1497,2,1.2401743232960833,0,0.0
1498,2,1.1134399146598024,0,0.0
1499,2,1.2052631451690257,1,1.0
1500,2,1.2080020132725144,1,1.0
1501,2,1.3053458809340044,1,1.0
1502,2,1.4135429270495432,0,0.0
1503,3,2.193568188347995,1,0.3333333333333333
1504,3,1.9105902480511747,0,0.0
1505,5,3.21024851242043,2,0.2
1506,2,1.4126962808314114,0,0.0
1507,2,1.2764371913695551,1,1.0
1508,4,2.877935511893916,0,0.0
1509,5,3.3959851822258336,1,0.1
1510,6,3.9132263009459436,2,0.13333333333333333
1511,7,4.451136078563903,3,0.14285714285714285
1512,6,4.05794972423583,2,0.13333333333333333
1513,2,1.2587410273314221,0,0.0
1514,2,1.3337925003758753,0,0.0
1515,2,1.1823736396936542,0,0.0
1516,2,1.4193737631434145,0,0.0
1517,2,1.3017635464229071,0,0.0
1518,2,1.4798023066678823,0,0.0
1519,4,2.8936786703966866,0,0.0
1520,2,1.1776828880801198,0,0.0
1521,3,2.265380700523607,1,0.3333333333333333
1522,2,1.3387989122939854,0,0.0
1523,2,1.4334173926556206,0,0.0
1524,2,1.2446586196800469,0,0.0
1525,3,1.9913858857022797,0,0.0
1526,3,2.1332918090440867,1,0.3333333333333333
1527,2,1.4753064679744154,0,0.0
1528,3,1.838323707093974,0,0.0
1529,3,2.124938168014589,1,0.3333333333333333
1530,3,1.9263177485859662,0,0.0
1531,5,3.811825741294182,0,0.0
1532,2,1.3068434851919815,0,0.0
1533,2,1.0561496795339451,0,0.0
1534,3,1.4810060407247119,0,0.0
1535,3,2.1514029579753524,0,0.0
1536,3,1.9879947908026572,0,0.0
1537,2,1.4239475934454653,0,0.0
1538,2,1.3237254364289037,0,0.0
1539,2,0.8651734210199244,0,0.0
1540,6,3.7179823774383625,1,0.06666666666666667
1541,3,1.6864004282434921,0,0.0
1542,2,1.3462402861880596,0,0.0
1543,8,5.1658942779947505,1,0.03571428571428571
1544,2,1.439976542112801,0,0.0
1545,9,6.6787726069856035,1,0.027777777777777776
1546,2,1.0728281114387312,0,0.0
1547,4,2.9431030938208,1,0.16666666666666666
1548,6,4.357659057870677,1,0.06666666666666667
1549,2,0.9495071920065377,1,1.0
1550,2,1.4528869625397336,0,0.0
1551,2,1.5426799093116466,0,0.0
1552,2,1.4117133369159598,0,0.0
1553,7,4.973384410363531,3,0.14285714285714285
1554,2,1.278410194601506,0,0.0
1555,2,1.5680994746304453,0,0.0
1556,2,1.227571287803893,0,0.0
1557,2,1.2645629271065526,0,0.0
1558,3,1.8943370409421127,0,0.0
1559,4,3.182623064538962,1,0.16666666666666666
1560,3,1.9404938666136833,1,0.3333333333333333
1561,4,2.409446752433543,1,0.16666666666666666
1562,5,3.8316828978194764,2,0.2
1563,4,2.966511088876767,2,0.3333333333333333
1564,4,3.0588714172928553,1,0.16666666666666666
1565,9,6.084745954506327,0,0.0
1566,4,2.812210952490063,0,0.0
1567,3,1.5861428895432823,1,0.3333333333333333
1568,2,0.9417129853043571,0,0.0
1569,5,3.7238990410631425,2,0.2
1570,2,1.2975530622348415,0,0.0
1571,4,2.7425372872648954,0,0.0
1572,6,4.278948469926244,0,0.0
1573,5,3.4277876452794565,0,0.0
1574,3,1.491319004771573,1,0.3333333333333333
1575,2,1.0636260494149021,0,0.0
1576,2,1.0764671809458703,0,0.0
1577,11,7.935003599441032,3,0.05454545454545454
1578,3,2.0411964319367057,1,0.3333333333333333
1579,5,2.699494193689349,0,0.0
1580,2,0.6052199208069227,1,1.0
1581,5,3.589018241638614,1,0.1
1582,2,1.453600524023027,0,0.0
1583,2,1.2524321652028796,0,0.0
1584,3,1.4265053209377005,0,0.0
1585,2,1.3214317083329772,0,0.0
1586,3,2.1422370086060303,0,0.0
1587,3,2.2703384901174593,0,0.0
1588,2,1.009774072584941,0,0.0
1589,2,1.396325333064681,0,0.0
1590,2,1.1218938171240156,0,0.0
1591,4,2.6431327018397184,0,0.0
1592,6,3.368053137536537,0,0.0
1593,7,5.2860898504808755,2,0.09523809523809523
1594,6,4.349457377080273,1,0.06666666666666667
1595,4,2.3093443932247246,2,0.3333333333333333
1596,4,2.851449322585776,1,0.16666666666666666
1597,3,2.4403450881754174,0,0.0
1598,2,1.6179533482925148,1,1.0
1599,3,0.8729943509371959,1,0.3333333333333333
1600,5,3.859923722264064,1,0.1
1601,6,4.427387923301831,0,0.0
1602,2,0.9347861240484663,0,0.0
1603,3,1.6917698424337009,1,0.3333333333333333
1604,3,2.2585212003429436,0,0.0
1605,4,2.6514802859197752,0,0.0
1606,2,1.516303814559083,0,0.0
1607,4,3.1576496143934225,2,0.3333333333333333
1608,2,1.3357454721513387,1,1.0
1609,2,1.0291889852246976,0,0.0
1610,3,1.2688899452297624,0,0.0
1611,9,6.733805086904223,3,0.08333333333333333
1612,2,1.524086572481051,0,0.0
1613,3,1.7149871222910393,0,0.0
1614,2,1.2770964584422875,1,1.0
1615,2,1.2418983118535687,1,1.0
1616,3,2.2738182249737444,0,0.0
1617,3,2.2940314421739147,0,0.0
1618,3,1.9406463659541098,0,0.0
1619,2,1.0206484140856642,0,0.0
1620,2,1.3203914695951555,0,0.0
1621,2,1.2900807804305248,0,0.0
1622,4,2.059112359631203,0,0.0
1623,5,3.450683672455902,1,0.1
1624,5,3.5631156635469754,0,0.0
1625,6,4.812722692138256,1,0.06666666666666667
1626,2,1.3319226271019873,0,0.0
1627,2,1.4473124521567486,0,0.0
1628,2,1.2350841422276775,0,0.0
1629,3,1.6842939579904534,0,0.0
1630,2,1.4104836517394412,0,0.0
1631,5,3.8495407170855476,3,0.3
1632,8,5.755064800888323,1,0.03571428571428571
1633,2,1.0566204680889841,0,0.0
1634,2,1.3041335537352583,0,0.0
1635,3,2.1658142376917406,0,0.0
1636,2,1.2927298201547708,0,0.0
1637,7,5.3331350753019295,3,0.14285714285714285
1638,6,4.465946504116905,0,0.0
1639,2,1.5661201144036252,1,1.0
1640,2,1.5829335110418505,1,1.0
1641,4,3.128933325171899,2,0.3333333333333333
1642,3,1.352482449838142,0,0.0
1643,2,1.372778213462484,0,0.0
1644,2,1.3935041156317474,0,0.0
1645,2,1.0545485489509407,0,0.0
1646,2,1.2803899317560488,0,0.0
1647,2,1.215007929774169,0,0.0
1648,2,1.1544508662131965,0,0.0
1649,3,2.27056970828691,1,0.3333333333333333
1650,2,1.1666726910933323,1,1.0
1651,5,3.294025888172164,1,0.1
1652,6,3.4971909388786733,1,0.06666666666666667
1653,2,0.7935747199689202,0,0.0
1654,2,1.3339652048257054,0,0.0
1655,3,1.8911053479624877,1,0.3333333333333333
1656,3,1.9044631093035425,0,0.0
1657,4,2.7483077609704845,1,0.16666666666666666
1658,2,1.3259215928633823,0,0.0
1659,2,0.4155516138716905,0,0.0
1660,2,0.7905932734337084,0,0.0
1661,5,2.9942922657373687,0,0.0
1662,2,1.3513359415869186,0,0.0
1663,2,1.2724234290082013,1,1.0
1664,2,1.1791553438924507,0,0.0
1665,2,1.3326159501043122,1,1.0
1666,6,3.692624953272593,4,0.26666666666666666
1667,2,1.266661420711793,1,1.0
1668,4,2.1621741641843832,2,0.3333333333333333
1669,2,1.1359779058191826,0,0.0
1670,2,1.2096683483767534,1,1.0
1671,3,1.4439475698169562,1,0.3333333333333333
1672,3,2.180115011204109,2,0.6666666666666666
1673,4,2.535391435185934,2,0.3333333333333333
1674,2,1.286047133963763,0,0.0
1675,3,1.7356924867227193,0,0.0
1676,2,1.2687718291650136,1,1.0
1677,2,1.3117828495983486,0,0.0
1678,3,1.9469178086947347,2,0.6666666666666666
1679,2,0.7980712374698133,0,0.0
1680,2,1.424134514015535,0,0.0
1681,3,1.947683720931129,0,0.0
1682,3,1.982352790095635,1,0.3333333333333333
1683,2,1.4482776447226469,0,0.0
1684,3,2.1934431590498473,0,0.0
1685,7,5.209808356442449,0,0.0
1686,4,2.7097026547331304,0,0.0
1687,4,2.8525637154652124,1,0.16666666666666666
1688,6,4.345122458007561,0,0.0
1689,5,3.232325576785355,0,0.0
1690,11,8.487319624914512,2,0.03636363636363636
1691,5,3.2410931968478947,1,0.1
1692,6,4.594050842767615,0,0.0
1693,2,1.3863331860291357,0,0.0
1694,3,2.1736565231436864,0,0.0
1695,5,3.7952420880829236,0,0.0
1696,9,6.630577315316078,2,0.05555555555555555
1697,3,2.0939358055443584,1,0.3333333333333333
1698,3,2.2013631024836218,0,0.0
1699,3,2.3477837797740246,1,0.3333333333333333
1700,2,1.1099608199158133,0,0.0
1701,3,1.7073908655160908,0,0.0
1702,2,1.179467154137652,1,1.0
1703,2,1.173522720577792,1,1.0
1704,2,1.1425227352770329,0,0.0
1705,2,1.2243368991022172,0,0.0
1706,2,1.3009781141073011,0,0.0
1707,5,3.6065517213323495,1,0.1
1708,4,2.2544348448699676,1,0.16666666666666666
1709,2,1.379593251592823,0,0.0
1710,2,1.4995791071299691,0,0.0
1711,3,2.1255647814689578,1,0.3333333333333333
1712,3,1.8772701494827762,0,0.0
1713,2,1.301635592355412,1,1.0
1714,3,2.0044110105455837,0,0.0
1715,2,1.5116841673995136,0,0.0
1716,6,4.277111042524836,0,0.0
1717,2,1.5313833161423958,0,0.0
1718,2,1.4654090983341903,0,0.0
1719,6,3.8750266777093367,1,0.06666666666666667
1720,3,1.9669783103090006,0,0.0
1721,5,3.5189765820213585,1,0.1
1722,5,3.844605799110085,0,0.0
1723,4,2.4691898859254007,0,0.0
1724,4,3.111108279326496,0,0.0
1725,5,1.1508634468812864,3,0.3
1726,2,1.3452189678930158,0,0.0
1727,2,1.251116268824938,0,0.0
1728,5,3.404921336245919,2,0.2
1729,4,1.8049581275800959,0,0.0
1730,2,1.073720764399861,0,0.0
1731,3,2.1068491964391005,0,0.0
1732,3,1.84405001089578,1,0.3333333333333333
1733,2,1.2587090058089987,0,0.0
1734,3,2.0670050301956175,0,0.0
1735,2,1.4416984977047227,0,0.0
1736,5,3.4079583927820867,0,0.0
1737,3,2.3371526618909853,0,0.0
1738,3,2.256802056361142,0,0.0
1739,3,1.8649200573238853,0,0.0
1740,2,1.1399383084903527,0,0.0
1741,2,0.6990571734246112,0,0.0
1742,2,1.614399058005,1,1.0
1743,6,4.139593761834389,0,0.0
1744,2,1.2467104297725333,0,0.0
1745,3,1.8347491713910173,0,0.0
1746,2,1.3461200057744755,0,0.0
1747,5,3.303330158014,1,0.1
1748,2,1.407917487296456,1,1.0
1749,3,2.2552106479514444,0,0.0
1750,5,3.7180363830429948,0,0.0
1751,3,1.6967682471005028,0,0.0
1752,2,1.0063505857390027,0,0.0
1753,4,2.626109662500309,1,0.16666666666666666
1754,3,2.3687498212906952,1,0.3333333333333333
1755,3,1.7669875694824908,0,0.0
1756,3,1.906670431792453,0,0.0
1757,3,2.160084222379005,0,0.0
1758,2,1.30056358966079,1,1.0
1759,4,2.1153013615555043,0,0.0
1760,2,1.1922299353387356,0,0.0
1761,4,2.5785320193845216,0,0.0
1762,4,1.9959875781711234,1,0.16666666666666666
1763,2,1.3642495220185444,0,0.0
1764,8,5.893553632339503,1,0.03571428571428571
1765,3,1.8443469681144693,1,0.3333333333333333
1766,2,1.4565221796200705,0,0.0
1768,4,2.4695898508310776,0,0.0
1769,2,1.4910618154272002,0,0.0
1770,6,4.353328271901901,1,0.06666666666666667
1771,5,3.314587144720093,0,0.0
1772,2,1.5088190584718149,0,0.0
1773,2,1.252943973285411,0,0.0
1774,2,1.0302565679875877,0,0.0
1775,2,1.6091885566306297,0,0.0
1776,2,1.200947779629833,1,1.0
1777,2,1.6279450428542903,1,1.0
1778,2,1.2522727895508918,0,0.0
1779,3,2.1859049296413033,2,0.6666666666666666
1780,3,2.1435791060347182,1,0.3333333333333333
1781,2,1.2843798460139184,0,0.0
1782,8,5.939329133001843,2,0.07142857142857142
1783,2,1.3345942764930763,0,0.0
1784,2,1.336840659139751,0,0.0
1785,2,1.3279635239745549,1,1.0
1786,2,1.280247911044992,0,0.0
1787,2,1.2522257596152713,0,0.0
1788,5,3.2619522072832536,1,0.1
1789,3,2.203626419187729,0,0.0
1790,2,1.2619795155916673,0,0.0
1791,2,1.3619794217661396,1,1.0
1792,9,6.919295724155593,1,0.027777777777777776
1793,4,3.084849530416086,0,0.0
1794,2,1.2740717371704733,0,0.0
1795,2,1.224698225747877,0,0.0
1796,4,2.7550070811474656,1,0.16666666666666666
1797,2,1.2233544546735349,0,0.0
1798,2,1.4955478908964905,0,0.0
1799,4,2.7111277054313137,0,0.0
1800,2,0.06264060403500782,1,1.0
1801,2,1.5495437504699574,1,1.0
1802,2,1.3492475013013066,0,0.0
1803,3,1.3375264076100581,1,0.3333333333333333
1804,4,2.959527020152436,1,0.16666666666666666
1805,3,1.8096482704696681,0,0.0
1806,4,2.7159287789606266,1,0.16666666666666666
1807,2,1.3350098045238323,0,0.0
1808,4,2.2793052496225576,0,0.0
1809,3,2.098632446958873,0,0.0
1810,8,5.955061620452931,1,0.03571428571428571
1811,4,2.846546381116864,0,0.0
1812,4,2.799315222656422,0,0.0
1813,4,3.033039724763626,2,0.3333333333333333
1814,5,3.3377375624815477,1,0.1
1815,2,1.4487120906759592,0,0.0
1816,3,2.184923114157203,1,0.3333333333333333
1817,2,0.7564162439022737,1,1.0
1818,2,1.1775424776118968,0,0.0
1819,2,1.378633887298336,0,0.0
1820,2,1.3528584643252999,0,0.0
1821,3,2.149576024242756,0,0.0
1822,2,1.4480408570841514,0,0.0
1823,2,1.40694116744306,0,0.0
1824,3,2.4505841949646143,1,0.3333333333333333
1825,2,1.18840939264138,0,0.0
1826,2,0.7729150885828342,0,0.0
1827,2,1.1752730982218704,1,1.0
1828,4,2.747675660824622,0,0.0
1829,4,2.473787072271274,1,0.16666666666666666
1830,9,6.448179210424495,1,0.027777777777777776
1831,7,4.553143886594924,0,0.0
1832,2,1.370369423167239,0,0.0
1833,2,1.553283671682789,0,0.0
1834,3,1.936890401490662,0,0.0
1835,3,1.6641180831029496,0,0.0
1836,2,1.003069047613238,0,0.0
1837,2,1.0702813842331835,0,0.0
1838,3,1.7337986078457583,0,0.0
1839,8,6.007921293247669,3,0.10714285714285714
1840,2,1.1286511976970186,0,0.0
1841,2,1.0969727739808204,1,1.0
1842,2,0.45502596370282733,0,0.0
1843,3,1.977240170284175,0,0.0
1844,2,1.2148889122143078,0,0.0
1845,2,0.7038623327066644,0,0.0
1846,2,0.954506659828096,0,0.0
1847,2,1.1384985122041107,1,1.0
1848,2,1.063404098384644,0,0.0
1849,2,0.597070899398161,1,1.0
1850,2,1.4357125818152863,1,1.0
1851,2,0.7189447685068604,1,1.0
1852,2,1.167895505706673,0,0.0
1853,2,0.6379113080982282,0,0.0
1854,5,3.755702230735091,1,0.1
1855,2,1.143807383128264,1,1.0
1856,2,1.372522813362473,0,0.0
1857,2,0.4667551218702384,0,0.0
1858,2,1.2077064125883226,1,1.0
1859,2,1.4084134012672695,0,0.0
1860,2,1.0359430573320896,0,0.0
1861,4,2.986999510956193,1,0.16666666666666666
1862,3,2.07792672629308,0,0.0
1863,2,1.334884405750262,0,0.0
1864,3,1.8344959454068477,0,0.0
1865,2,1.4410133142836508,0,0.0
1866,4,2.6841313093858634,0,0.0
1867,3,1.6258861024263087,0,0.0
1868,4,2.741686412070373,1,0.16666666666666666
1869,2,1.406871919693828,0,0.0
1870,2,0.6411328133603102,0,0.0
1871,3,1.895395586625173,0,0.0
1872,2,1.4058462011419028,0,0.0
1873,2,1.3459657036068984,0,0.0
1874,2,0.6136953833426771,0,0.0
1875,2,1.4360802232366106,0,0.0
1876,3,2.4543719414666247,1,0.3333333333333333
1877,2,1.452715871649658,0,0.0
1878,2,1.0282962035951926,0,0.0
1879,2,1.2239897231930352,0,0.0
1880,5,3.2627241704518486,0,0.0
1881,2,1.0087514206438764,0,0.0
1882,2,0.37815294679496614,0,0.0
1883,2,1.752191174438285,1,1.0
1884,2,1.7341911592458803,1,1.0
1885,7,5.357389566208633,0,0.0
1886,2,1.0651005054325082,1,1.0
1887,4,2.6488494801706164,0,0.0
1888,7,4.410104550130857,1,0.047619047619047616
1889,3,1.5486852266163496,0,0.0
1890,2,0.8660732083777853,0,0.0
1891,2,1.0631860554505006,0,0.0
1892,4,2.7546508851553,0,0.0
1893,4,2.4529509037307555,0,0.0
1894,2,0.38838187484073916,0,0.0
1895,2,1.470852170297639,1,1.0
1896,2,1.424555997831376,0,0.0
1897,2,1.2775250899162869,0,0.0
1898,3,1.776397416513983,0,0.0
1899,2,1.5425041277008018,0,0.0
1900,4,2.7653062010603984,1,0.16666666666666666
1901,2,1.2382761102069866,0,0.0
1902,2,1.154381720964687,0,0.0
1903,3,1.6975769604189967,0,0.0
1904,2,1.4036015666300434,0,0.0
1905,2,0.9313339389983888,0,0.0
1906,3,1.9337457580549446,0,0.0
1907,2,1.2294569956718284,1,1.0
1908,5,3.1127541406288013,1,0.1
1909,4,2.8983251422821703,0,0.0
1910,2,1.443335649828766,0,0.0
1911,3,2.0680513852880296,1,0.3333333333333333
1912,3,2.0720190054729826,0,0.0
1913,2,1.5010237437526266,0,0.0
1914,4,2.9346322617245053,1,0.16666666666666666
1915,3,1.9739785478252494,0,0.0
1916,7,4.411547056859247,2,0.09523809523809523
1917,2,1.4119960020249465,0,0.0
1918,5,3.5482100676407446,0,0.0
1919,4,2.943485474087628,0,0.0
1920,3,2.2422240161003106,0,0.0
1921,3,1.8115891285689365,0,0.0
1922,2,1.2324770624152501,0,0.0
1923,3,1.5805155334780312,0,0.0
1924,2,1.5097328969125963,0,0.0
1925,2,1.4049719820336004,0,0.0
1926,2,1.5095131422217631,0,0.0
1927,5,3.8249775069758463,1,0.1
1928,2,0.9926809875327731,0,0.0
1929,6,4.431666417649704,1,0.06666666666666667
1930,3,1.9822074036496908,2,0.6666666666666666
1931,2,1.2695370743777683,0,0.0
1932,2,1.1798623507496744,0,0.0
1933,6,4.102664055343277,1,0.06666666666666667
1934,4,2.469421880844207,1,0.16666666666666666
1935,3,1.4123969879808236,1,0.3333333333333333
1936,2,1.5563739956274367,0,0.0
1937,2,1.4393058672153303,1,1.0
1938,2,1.1677983983546119,1,1.0
1939,4,1.3238163549817286,1,0.16666666666666666
1940,2,0.9187921213964847,0,0.0
1941,3,2.0156422046440294,0,0.0
1942,2,1.4642072546321345,0,0.0
1943,3,1.0439884263093437,0,0.0
1944,2,1.2509675952351942,0,0.0
1945,3,2.1183995865569774,1,0.3333333333333333
1946,2,1.1169019478093003,0,0.0
1947,2,1.3504034844827486,0,0.0
1948,2,1.0684337710648797,0,0.0
1949,3,1.4310454964315626,1,0.3333333333333333
1950,7,4.863192187954058,2,0.09523809523809523
1951,2,1.35395923074572,0,0.0
1952,3,2.3565195156666165,0,0.0
1953,7,4.615446153772512,1,0.047619047619047616
1954,2,1.065062275197947,0,0.0
1955,3,2.258588929901825,1,0.3333333333333333
1956,2,1.221076152560483,0,0.0
1957,4,2.778719505618088,0,0.0
1958,2,1.3593062341417927,0,0.0
1959,2,1.4095458191122572,0,0.0
1960,2,1.2155352884876431,1,1.0
1961,2,1.1546942475262627,1,1.0
1962,3,2.0403789497225784,0,0.0
1963,2,1.6025997159712149,0,0.0
1964,16,12.2561424532468,7,0.058333333333333334
1965,7,5.334876672683633,0,0.0
1966,3,2.3249346626627156,0,0.0
1967,3,2.1662187647582143,1,0.3333333333333333
1968,2,1.4126143627419805,0,0.0
1969,3,2.153953509246818,0,0.0
1970,3,1.963970982259491,1,0.3333333333333333
1971,5,3.3334890451869352,0,0.0
1972,3,2.45285072179514,0,0.0
1973,3,2.193079300359255,0,0.0
1974,12,9.632630482159048,5,0.07575757575757576
1975,3,2.3353531716706657,0,0.0
1976,3,1.9177914239812441,1,0.3333333333333333
1977,3,2.319660429652375,0,0.0
1978,2,1.5147338836189355,0,0.0
1979,5,3.761434181873836,1,0.1
1980,5,3.8944374756330107,1,0.1
1981,4,2.7743091394211534,1,0.16666666666666666
1982,2,1.6046893091302996,0,0.0
1983,4,3.0613074460514307,0,0.0
1984,5,3.6946670339499947,0,0.0
1985,2,1.3115371381531453,0,0.0
1986,5,3.345815589746543,0,0.0
1987,2,1.005644347290262,0,0.0
1988,2,1.3099701745438368,1,1.0
1989,3,2.3007437839774245,1,0.3333333333333333
1990,2,1.7077250950936862,0,0.0
1991,3,2.232622173969939,2,0.6666666666666666
1992,6,4.7935012751941635,2,0.13333333333333333
1993,4,3.152083379534439,1,0.16666666666666666
1994,2,1.306448429957221,0,0.0
1995,3,1.6420896829597615,0,0.0
1996,3,2.3178983280424124,2,0.6666666666666666
1997,3,2.003228592475576,1,0.3333333333333333
1998,2,1.4037351333839405,0,0.0
1999,2,1.5176445949449837,0,0.0
