exact_fraction,clustering_coefficient,count,probability
0,0.0,1302,0.6519779669504256
1/55,0.01818181818181818,1,0.000500751126690035
2/105,0.01904761904761905,1,0.000500751126690035
1/36,0.027777777777777776,8,0.00400600901352028
1/35,0.02857142857142857,1,0.000500751126690035
1/28,0.03571428571428571,11,0.005508262393590386
2/55,0.03636363636363636,2,0.00100150225338007
4/105,0.0380952380952381,1,0.000500751126690035
2/45,0.044444444444444446,1,0.000500751126690035
1/22,0.045454545454545456,1,0.000500751126690035
1/21,0.047619047619047616,15,0.007511266900350526
1/19,0.05263157894736842,1,0.000500751126690035
3/55,0.05454545454545454,1,0.000500751126690035
1/18,0.05555555555555555,4,0.00200300450676014
7/120,0.058333333333333334,1,0.000500751126690035
2/33,0.06060606060606061,1,0.000500751126690035
1/15,0.06666666666666667,39,0.019529293940911366
1/14,0.07142857142857142,7,0.0035052578868302454
4/55,0.07272727272727272,2,0.00100150225338007
5/66,0.07575757575757576,1,0.000500751126690035
1/12,0.08333333333333333,3,0.0015022533800701052
4/45,0.08888888888888889,2,0.00100150225338007
1/11,0.09090909090909091,1,0.000500751126690035
2/21,0.09523809523809523,13,0.006509764646970456
1/10,0.1,60,0.030045067601402103
3/28,0.10714285714285714,3,0.0015022533800701052
1/9,0.1111111111111111,3,0.0015022533800701052
2/15,0.13333333333333333,13,0.006509764646970456
5/36,0.1388888888888889,2,0.00100150225338007
1/7,0.14285714285714285,14,0.007010515773660491
1/6,0.16666666666666666,88,0.04406609914872309
1/5,0.2,27,0.013520280420630946
4/15,0.26666666666666666,5,0.0025037556334501754
3/10,0.3,2,0.00100150225338007
1/3,0.3333333333333333,163,0.08162243365047571
1/2,0.5,4,0.00200300450676014
2/3,0.6666666666666666,28,0.014021031547320982
1,1.0,165,0.08262393590385578
