component_rank,global_node_index,degree,incident_triangles,clustering_exact_fraction,clustering_coefficient
1,0,5,1,1/10,0.1
1,1,3,0,0,0.0
1,2,2,0,0,0.0
1,3,4,0,0,0.0
1,4,3,1,1/3,0.3333333333333333
1,5,2,0,0,0.0
1,6,4,0,0,0.0
1,7,4,1,1/6,0.16666666666666666
1,8,9,0,0,0.0
1,9,4,0,0,0.0
1,10,2,1,1,1.0
1,11,3,0,0,0.0
1,12,2,0,0,0.0
1,13,2,0,0,0.0
1,14,5,0,0,0.0
1,15,3,0,0,0.0
1,16,3,0,0,0.0
1,17,4,0,0,0.0
1,18,2,0,0,0.0
1,19,3,1,1/3,0.3333333333333333
1,20,8,2,1/14,0.07142857142857142
1,21,9,3,1/12,0.08333333333333333
1,22,2,0,0,0.0
1,23,3,0,0,0.0
1,24,2,0,0,0.0
1,25,4,0,0,0.0
1,26,2,0,0,0.0
1,27,2,0,0,0.0
1,28,3,1,1/3,0.3333333333333333
1,29,2,0,0,0.0
1,30,3,0,0,0.0
1,31,2,0,0,0.0
1,32,2,1,1,1.0
1,33,3,0,0,0.0
1,34,4,0,0,0.0
1,35,2,0,0,0.0
1,36,2,0,0,0.0
1,37,2,0,0,0.0
1,38,6,2,2/15,0.13333333333333333
1,39,2,1,1,1.0
1,40,3,0,0,0.0
1,41,5,1,1/10,0.1
1,42,2,0,0,0.0
1,43,2,0,0,0.0
1,44,2,0,0,0.0
1,45,4,1,1/6,0.16666666666666666
1,46,6,0,0,0.0
1,47,5,1,1/10,0.1
1,48,3,0,0,0.0
1,49,5,0,0,0.0
1,50,5,1,1/10,0.1
1,51,2,0,0,0.0
1,52,3,0,0,0.0
1,53,3,1,1/3,0.3333333333333333
1,54,4,0,0,0.0
1,55,3,1,1/3,0.3333333333333333
1,56,3,0,0,0.0
1,57,3,0,0,0.0
1,58,3,0,0,0.0
1,59,3,1,1/3,0.3333333333333333
1,60,2,0,0,0.0
1,61,2,0,0,0.0
1,62,2,0,0,0.0
1,63,3,0,0,0.0
1,64,2,0,0,0.0
1,65,2,0,0,0.0
1,66,2,0,0,0.0
1,67,2,1,1,1.0
1,68,2,0,0,0.0
1,69,4,0,0,0.0
1,70,2,0,0,0.0
1,71,5,0,0,0.0
1,72,2,0,0,0.0
1,73,4,2,1/3,0.3333333333333333
1,74,2,0,0,0.0
1,75,7,2,2/21,0.09523809523809523
1,76,2,1,1,1.0
1,77,2,0,0,0.0
1,78,4,1,1/6,0.16666666666666666
1,79,2,0,0,0.0
1,80,5,0,0,0.0
1,81,5,1,1/10,0.1
1,82,2,0,0,0.0
1,83,3,0,0,0.0
1,84,3,2,2/3,0.6666666666666666
1,85,5,0,0,0.0
1,86,3,0,0,0.0
1,87,3,0,0,0.0
1,88,2,0,0,0.0
1,89,3,0,0,0.0
1,90,4,0,0,0.0
1,91,3,0,0,0.0
1,92,3,0,0,0.0
1,93,2,0,0,0.0
1,94,3,0,0,0.0
1,95,4,0,0,0.0
1,96,2,1,1,1.0
1,97,3,0,0,0.0
1,98,4,1,1/6,0.16666666666666666
1,99,7,1,1/21,0.047619047619047616
1,100,2,1,1,1.0
1,101,2,0,0,0.0
1,102,3,0,0,0.0
1,103,7,1,1/21,0.047619047619047616
1,104,2,0,0,0.0
1,105,4,1,1/6,0.16666666666666666
1,106,3,0,0,0.0
1,107,3,0,0,0.0
1,108,2,0,0,0.0
1,109,3,0,0,0.0
1,110,2,1,1,1.0
1,111,3,0,0,0.0
1,112,3,0,0,0.0
1,113,2,0,0,0.0
1,114,2,0,0,0.0
1,115,10,3,1/15,0.06666666666666667
1,116,5,1,1/10,0.1
1,117,4,0,0,0.0
1,118,3,0,0,0.0
1,119,5,2,1/5,0.2
1,120,2,0,0,0.0
1,122,5,0,0,0.0
1,123,2,1,1,1.0
1,124,5,2,1/5,0.2
1,125,7,1,1/21,0.047619047619047616
1,126,2,0,0,0.0
1,127,2,0,0,0.0
1,129,2,0,0,0.0
1,130,2,1,1,1.0
1,131,2,1,1,1.0
1,132,4,2,1/3,0.3333333333333333
1,133,5,2,1/5,0.2
1,134,4,0,0,0.0
1,135,3,1,1/3,0.3333333333333333
1,136,2,0,0,0.0
1,137,7,1,1/21,0.047619047619047616
1,138,2,0,0,0.0
1,139,3,1,1/3,0.3333333333333333
1,140,3,0,0,0.0
1,141,7,1,1/21,0.047619047619047616
1,142,2,1,1,1.0
1,143,3,0,0,0.0
1,144,6,1,1/15,0.06666666666666667
1,145,2,0,0,0.0
1,146,5,1,1/10,0.1
1,147,5,0,0,0.0
1,148,2,0,0,0.0
1,149,2,0,0,0.0
1,150,2,0,0,0.0
1,151,4,0,0,0.0
1,152,2,0,0,0.0
1,153,2,1,1,1.0
1,154,6,1,1/15,0.06666666666666667
1,155,4,1,1/6,0.16666666666666666
1,156,2,0,0,0.0
1,157,2,0,0,0.0
1,158,2,0,0,0.0
1,159,2,0,0,0.0
1,160,6,1,1/15,0.06666666666666667
1,161,2,0,0,0.0
1,162,3,0,0,0.0
1,163,2,0,0,0.0
1,164,2,0,0,0.0
1,165,3,2,2/3,0.6666666666666666
1,166,4,1,1/6,0.16666666666666666
1,167,2,1,1,1.0
1,168,8,1,1/28,0.03571428571428571
1,169,3,1,1/3,0.3333333333333333
1,170,2,0,0,0.0
1,171,2,0,0,0.0
1,172,3,0,0,0.0
1,173,5,0,0,0.0
1,174,5,1,1/10,0.1
1,175,4,0,0,0.0
1,176,5,2,1/5,0.2
1,177,4,1,1/6,0.16666666666666666
1,178,3,1,1/3,0.3333333333333333
1,179,9,1,1/36,0.027777777777777776
1,180,3,0,0,0.0
1,181,2,0,0,0.0
1,182,3,0,0,0.0
1,183,3,0,0,0.0
1,184,6,1,1/15,0.06666666666666667
1,185,2,0,0,0.0
1,186,2,1,1,1.0
1,187,4,1,1/6,0.16666666666666666
1,188,2,0,0,0.0
1,189,3,0,0,0.0
1,190,2,0,0,0.0
1,191,4,0,0,0.0
1,192,2,0,0,0.0
1,193,2,1,1,1.0
1,194,3,0,0,0.0
1,195,4,0,0,0.0
1,196,3,2,2/3,0.6666666666666666
1,197,2,0,0,0.0
1,198,2,0,0,0.0
1,199,5,0,0,0.0
1,200,2,1,1,1.0
1,201,2,0,0,0.0
1,202,3,0,0,0.0
1,203,9,3,1/12,0.08333333333333333
1,204,3,0,0,0.0
1,205,2,0,0,0.0
1,206,2,0,0,0.0
1,207,3,0,0,0.0
1,208,4,1,1/6,0.16666666666666666
1,209,2,1,1,1.0
1,210,2,0,0,0.0
1,211,5,0,0,0.0
1,212,6,1,1/15,0.06666666666666667
1,213,9,4,1/9,0.1111111111111111
1,214,3,0,0,0.0
1,215,2,0,0,0.0
1,216,2,0,0,0.0
1,217,3,0,0,0.0
1,218,2,0,0,0.0
1,219,2,0,0,0.0
1,220,3,1,1/3,0.3333333333333333
1,221,2,0,0,0.0
1,222,3,0,0,0.0
1,223,3,0,0,0.0
1,224,6,0,0,0.0
1,225,2,0,0,0.0
1,226,2,0,0,0.0
1,227,6,1,1/15,0.06666666666666667
1,228,3,0,0,0.0
1,229,5,0,0,0.0
1,230,9,1,1/36,0.027777777777777776
1,231,4,0,0,0.0
1,232,4,0,0,0.0
1,233,5,0,0,0.0
1,234,6,0,0,0.0
1,235,3,0,0,0.0
1,236,2,0,0,0.0
1,237,2,0,0,0.0
1,238,5,0,0,0.0
1,239,4,2,1/3,0.3333333333333333
1,240,6,1,1/15,0.06666666666666667
1,241,2,0,0,0.0
1,242,3,1,1/3,0.3333333333333333
1,243,2,0,0,0.0
1,244,3,0,0,0.0
1,245,3,0,0,0.0
1,246,2,1,1,1.0
1,247,2,0,0,0.0
1,248,2,0,0,0.0
1,249,3,0,0,0.0
1,250,2,0,0,0.0
1,251,5,1,1/10,0.1
1,252,2,0,0,0.0
1,253,2,1,1,1.0
1,254,6,1,1/15,0.06666666666666667
1,255,2,0,0,0.0
1,256,2,0,0,0.0
1,257,2,0,0,0.0
1,258,2,0,0,0.0
1,259,2,0,0,0.0
1,260,2,0,0,0.0
1,261,10,4,4/45,0.08888888888888889
1,262,2,0,0,0.0
1,263,2,0,0,0.0
1,264,5,2,1/5,0.2
1,265,4,1,1/6,0.16666666666666666
1,266,2,0,0,0.0
1,267,2,0,0,0.0
1,268,2,0,0,0.0
1,269,2,0,0,0.0
1,270,5,1,1/10,0.1
1,271,4,0,0,0.0
1,272,7,2,2/21,0.09523809523809523
1,273,2,0,0,0.0
1,274,5,0,0,0.0
1,275,3,0,0,0.0
1,276,2,1,1,1.0
1,277,3,0,0,0.0
1,278,4,2,1/3,0.3333333333333333
1,279,2,1,1,1.0
1,280,5,0,0,0.0
1,281,3,0,0,0.0
1,282,2,0,0,0.0
1,283,3,0,0,0.0
1,284,2,0,0,0.0
1,285,3,0,0,0.0
1,286,3,0,0,0.0
1,287,6,2,2/15,0.13333333333333333
1,288,3,1,1/3,0.3333333333333333
1,289,2,0,0,0.0
1,290,2,0,0,0.0
1,291,2,0,0,0.0
1,292,6,1,1/15,0.06666666666666667
1,293,2,1,1,1.0
1,294,3,0,0,0.0
1,295,2,0,0,0.0
1,296,2,0,0,0.0
1,297,2,0,0,0.0
1,298,5,0,0,0.0
1,299,6,2,2/15,0.13333333333333333
1,300,2,0,0,0.0
1,301,7,1,1/21,0.047619047619047616
1,302,3,1,1/3,0.3333333333333333
1,303,2,0,0,0.0
1,304,2,0,0,0.0
1,305,3,0,0,0.0
1,306,3,1,1/3,0.3333333333333333
1,307,4,0,0,0.0
1,308,2,0,0,0.0
1,309,4,0,0,0.0
1,310,3,1,1/3,0.3333333333333333
1,311,5,0,0,0.0
1,312,2,0,0,0.0
1,313,3,0,0,0.0
1,314,2,0,0,0.0
1,315,3,1,1/3,0.3333333333333333
1,316,3,1,1/3,0.3333333333333333
1,317,3,0,0,0.0
1,318,2,0,0,0.0
1,319,2,0,0,0.0
1,320,5,2,1/5,0.2
1,321,2,0,0,0.0
1,322,5,1,1/10,0.1
1,323,2,0,0,0.0
1,324,8,2,1/14,0.07142857142857142
1,325,3,0,0,0.0
1,326,4,0,0,0.0
1,327,2,0,0,0.0
1,328,2,0,0,0.0
1,329,10,5,1/9,0.1111111111111111
1,330,3,0,0,0.0
1,331,2,0,0,0.0
1,332,2,1,1,1.0
1,333,2,0,0,0.0
1,334,2,0,0,0.0
1,335,2,0,0,0.0
1,336,3,1,1/3,0.3333333333333333
1,337,6,1,1/15,0.06666666666666667
1,338,5,2,1/5,0.2
1,339,6,0,0,0.0
1,340,2,0,0,0.0
1,341,4,0,0,0.0
1,342,2,0,0,0.0
1,343,2,0,0,0.0
1,344,3,0,0,0.0
1,345,3,0,0,0.0
1,346,3,1,1/3,0.3333333333333333
1,347,3,1,1/3,0.3333333333333333
1,348,2,0,0,0.0
1,349,3,0,0,0.0
1,350,2,0,0,0.0
1,351,2,0,0,0.0
1,352,2,1,1,1.0
1,353,3,0,0,0.0
1,354,3,2,2/3,0.6666666666666666
1,355,2,1,1,1.0
1,356,4,0,0,0.0
1,357,3,2,2/3,0.6666666666666666
1,358,2,1,1,1.0
1,359,5,0,0,0.0
1,360,19,9,1/19,0.05263157894736842
1,361,6,4,4/15,0.26666666666666666
1,362,6,0,0,0.0
1,363,7,0,0,0.0
1,364,7,3,1/7,0.14285714285714285
1,365,7,0,0,0.0
1,366,2,0,0,0.0
1,367,2,0,0,0.0
1,368,2,0,0,0.0
1,369,2,1,1,1.0
1,370,3,1,1/3,0.3333333333333333
1,371,2,0,0,0.0
1,372,4,0,0,0.0
1,373,4,1,1/6,0.16666666666666666
1,374,2,1,1,1.0
1,375,2,0,0,0.0
1,376,4,1,1/6,0.16666666666666666
1,377,6,0,0,0.0
1,378,3,0,0,0.0
1,379,2,0,0,0.0
1,380,5,0,0,0.0
1,381,7,3,1/7,0.14285714285714285
1,382,4,1,1/6,0.16666666666666666
1,383,3,0,0,0.0
1,384,2,1,1,1.0
1,385,15,4,4/105,0.0380952380952381
1,386,2,0,0,0.0
1,387,2,0,0,0.0
1,388,3,1,1/3,0.3333333333333333
1,389,2,0,0,0.0
1,390,2,0,0,0.0
1,391,5,1,1/10,0.1
1,392,3,0,0,0.0
1,393,2,1,1,1.0
1,394,5,1,1/10,0.1
1,395,6,1,1/15,0.06666666666666667
1,396,7,2,2/21,0.09523809523809523
1,397,4,0,0,0.0
1,398,2,0,0,0.0
1,399,5,1,1/10,0.1
1,400,3,0,0,0.0
1,401,3,1,1/3,0.3333333333333333
1,402,3,0,0,0.0
1,403,8,3,3/28,0.10714285714285714
1,404,3,0,0,0.0
1,405,2,0,0,0.0
1,406,2,0,0,0.0
1,407,2,0,0,0.0
1,408,3,0,0,0.0
1,409,2,1,1,1.0
1,410,4,1,1/6,0.16666666666666666
1,411,2,0,0,0.0
1,412,2,0,0,0.0
1,413,3,0,0,0.0
1,414,2,0,0,0.0
1,415,4,0,0,0.0
1,416,2,0,0,0.0
1,417,2,0,0,0.0
1,418,9,0,0,0.0
1,419,4,2,1/3,0.3333333333333333
1,420,2,0,0,0.0
1,421,3,1,1/3,0.3333333333333333
1,422,2,1,1,1.0
1,423,8,1,1/28,0.03571428571428571
1,424,3,0,0,0.0
1,425,2,0,0,0.0
1,426,2,0,0,0.0
1,427,2,0,0,0.0
1,428,2,0,0,0.0
1,429,4,1,1/6,0.16666666666666666
1,430,3,0,0,0.0
1,431,3,0,0,0.0
1,432,4,1,1/6,0.16666666666666666
1,433,3,1,1/3,0.3333333333333333
1,434,3,0,0,0.0
1,435,3,0,0,0.0
1,436,7,1,1/21,0.047619047619047616
1,437,3,0,0,0.0
1,438,5,1,1/10,0.1
1,439,5,0,0,0.0
1,440,2,0,0,0.0
1,441,2,0,0,0.0
1,442,3,0,0,0.0
1,443,2,0,0,0.0
1,444,3,0,0,0.0
1,445,2,0,0,0.0
1,446,2,1,1,1.0
1,447,3,0,0,0.0
1,448,2,0,0,0.0
1,449,2,0,0,0.0
1,450,2,0,0,0.0
1,451,2,0,0,0.0
1,452,3,1,1/3,0.3333333333333333
1,453,7,3,1/7,0.14285714285714285
1,454,2,0,0,0.0
1,455,6,4,4/15,0.26666666666666666
1,456,6,1,1/15,0.06666666666666667
1,457,3,1,1/3,0.3333333333333333
1,458,5,0,0,0.0
1,459,5,1,1/10,0.1
1,460,3,0,0,0.0
1,461,9,1,1/36,0.027777777777777776
1,462,3,0,0,0.0
1,463,3,0,0,0.0
1,464,2,0,0,0.0
1,465,7,0,0,0.0
1,466,2,0,0,0.0
1,467,11,4,4/55,0.07272727272727272
1,468,4,1,1/6,0.16666666666666666
1,469,4,2,1/3,0.3333333333333333
1,470,6,3,1/5,0.2
1,471,6,1,1/15,0.06666666666666667
1,472,2,0,0,0.0
1,473,3,2,2/3,0.6666666666666666
1,474,4,2,1/3,0.3333333333333333
1,475,3,0,0,0.0
1,476,4,1,1/6,0.16666666666666666
1,477,2,0,0,0.0
1,478,5,1,1/10,0.1
1,479,4,2,1/3,0.3333333333333333
1,480,10,2,2/45,0.044444444444444446
1,481,2,0,0,0.0
1,482,4,1,1/6,0.16666666666666666
1,483,2,1,1,1.0
1,484,3,0,0,0.0
1,485,3,0,0,0.0
1,486,4,2,1/3,0.3333333333333333
1,487,4,0,0,0.0
1,488,3,0,0,0.0
1,489,3,2,2/3,0.6666666666666666
1,490,7,2,2/21,0.09523809523809523
1,491,9,2,1/18,0.05555555555555555
1,492,3,1,1/3,0.3333333333333333
1,493,2,0,0,0.0
1,494,3,1,1/3,0.3333333333333333
1,495,2,0,0,0.0
1,496,5,1,1/10,0.1
1,497,2,0,0,0.0
1,498,3,0,0,0.0
1,499,3,1,1/3,0.3333333333333333
1,500,3,1,1/3,0.3333333333333333
1,501,2,1,1,1.0
1,502,3,1,1/3,0.3333333333333333
1,503,3,0,0,0.0
1,504,3,0,0,0.0
1,505,3,1,1/3,0.3333333333333333
1,506,2,0,0,0.0
1,507,3,0,0,0.0
1,508,3,1,1/3,0.3333333333333333
1,509,4,1,1/6,0.16666666666666666
1,510,2,1,1,1.0
1,511,3,0,0,0.0
1,512,4,0,0,0.0
1,513,2,0,0,0.0
1,514,4,3,1/2,0.5
1,515,6,3,1/5,0.2
1,516,2,0,0,0.0
1,517,2,0,0,0.0
1,518,4,0,0,0.0
1,519,10,0,0,0.0
1,520,3,0,0,0.0
1,521,3,0,0,0.0
1,522,7,0,0,0.0
1,523,2,0,0,0.0
1,524,2,0,0,0.0
1,525,7,3,1/7,0.14285714285714285
1,526,3,0,0,0.0
1,527,8,3,3/28,0.10714285714285714
1,528,2,0,0,0.0
1,529,4,0,0,0.0
1,530,2,1,1,1.0
1,531,2,0,0,0.0
1,532,3,0,0,0.0
1,533,3,0,0,0.0
1,534,2,0,0,0.0
1,535,2,0,0,0.0
1,536,15,3,1/35,0.02857142857142857
1,537,4,0,0,0.0
1,538,3,0,0,0.0
1,539,3,1,1/3,0.3333333333333333
1,540,3,0,0,0.0
1,541,3,0,0,0.0
1,542,4,1,1/6,0.16666666666666666
1,543,2,0,0,0.0
1,544,4,1,1/6,0.16666666666666666
1,545,2,0,0,0.0
1,546,2,0,0,0.0
1,547,3,0,0,0.0
1,548,5,1,1/10,0.1
1,549,6,2,2/15,0.13333333333333333
1,550,4,1,1/6,0.16666666666666666
1,551,2,0,0,0.0
1,552,2,0,0,0.0
1,553,9,2,1/18,0.05555555555555555
1,554,6,0,0,0.0
1,555,3,0,0,0.0
1,556,8,0,0,0.0
1,557,3,0,0,0.0
1,558,4,2,1/3,0.3333333333333333
1,559,2,0,0,0.0
1,560,7,3,1/7,0.14285714285714285
1,561,2,0,0,0.0
1,562,2,0,0,0.0
1,563,6,1,1/15,0.06666666666666667
1,564,7,0,0,0.0
1,565,6,1,1/15,0.06666666666666667
1,566,2,0,0,0.0
1,567,3,0,0,0.0
1,568,5,0,0,0.0
1,569,4,0,0,0.0
1,570,4,0,0,0.0
1,571,2,0,0,0.0
1,572,2,1,1,1.0
1,573,2,0,0,0.0
1,574,3,0,0,0.0
1,575,3,1,1/3,0.3333333333333333
1,576,2,0,0,0.0
1,577,5,0,0,0.0
1,578,6,0,0,0.0
1,579,4,1,1/6,0.16666666666666666
1,580,5,1,1/10,0.1
1,581,5,1,1/10,0.1
1,582,3,0,0,0.0
1,583,3,0,0,0.0
1,584,3,1,1/3,0.3333333333333333
1,585,2,0,0,0.0
1,586,3,0,0,0.0
1,587,3,2,2/3,0.6666666666666666
1,588,2,0,0,0.0
1,589,2,0,0,0.0
1,590,4,0,0,0.0
1,591,3,1,1/3,0.3333333333333333
1,592,2,0,0,0.0
1,593,3,0,0,0.0
1,594,3,0,0,0.0
1,595,3,0,0,0.0
1,596,6,3,1/5,0.2
1,597,2,0,0,0.0
1,598,3,0,0,0.0
1,599,2,0,0,0.0
1,600,2,0,0,0.0
1,601,2,0,0,0.0
1,602,2,0,0,0.0
1,603,2,0,0,0.0
1,604,2,0,0,0.0
1,605,3,1,1/3,0.3333333333333333
1,606,4,0,0,0.0
1,607,3,1,1/3,0.3333333333333333
1,608,5,0,0,0.0
1,609,5,2,1/5,0.2
1,610,5,1,1/10,0.1
1,611,2,0,0,0.0
1,612,2,0,0,0.0
1,613,6,0,0,0.0
1,614,2,0,0,0.0
1,615,4,0,0,0.0
1,616,2,1,1,1.0
1,617,4,1,1/6,0.16666666666666666
1,618,2,0,0,0.0
1,619,2,0,0,0.0
1,620,3,0,0,0.0
1,621,5,1,1/10,0.1
1,622,6,0,0,0.0
1,623,3,0,0,0.0
1,624,2,0,0,0.0
1,625,2,0,0,0.0
1,626,2,0,0,0.0
1,627,5,0,0,0.0
1,628,3,0,0,0.0
1,629,4,0,0,0.0
1,630,4,1,1/6,0.16666666666666666
1,631,6,0,0,0.0
1,632,2,0,0,0.0
1,633,3,1,1/3,0.3333333333333333
1,634,5,1,1/10,0.1
1,635,2,0,0,0.0
1,636,3,0,0,0.0
1,637,2,0,0,0.0
1,638,3,0,0,0.0
1,639,2,0,0,0.0
1,640,2,0,0,0.0
1,641,4,0,0,0.0
1,642,4,0,0,0.0
1,643,2,0,0,0.0
1,644,3,0,0,0.0
1,645,2,0,0,0.0
1,646,2,0,0,0.0
1,647,3,0,0,0.0
1,648,2,0,0,0.0
1,649,6,0,0,0.0
1,650,3,0,0,0.0
1,651,2,0,0,0.0
1,652,5,0,0,0.0
1,653,4,0,0,0.0
1,654,2,0,0,0.0
1,655,7,2,2/21,0.09523809523809523
1,656,3,0,0,0.0
1,657,2,0,0,0.0
1,658,4,0,0,0.0
1,659,5,0,0,0.0
1,660,3,0,0,0.0
1,661,5,2,1/5,0.2
1,662,2,0,0,0.0
1,663,2,0,0,0.0
1,664,6,1,1/15,0.06666666666666667
1,665,2,1,1,1.0
1,666,2,0,0,0.0
1,667,5,0,0,0.0
1,668,3,1,1/3,0.3333333333333333
1,669,2,0,0,0.0
1,670,4,1,1/6,0.16666666666666666
1,671,2,0,0,0.0
1,672,4,1,1/6,0.16666666666666666
1,673,2,0,0,0.0
1,674,2,0,0,0.0
1,675,2,1,1,1.0
1,676,2,0,0,0.0
1,677,2,0,0,0.0
1,678,2,1,1,1.0
1,679,8,4,1/7,0.14285714285714285
1,680,11,4,4/55,0.07272727272727272
1,681,3,0,0,0.0
1,682,2,1,1,1.0
1,683,6,4,4/15,0.26666666666666666
1,684,2,0,0,0.0
1,685,2,0,0,0.0
1,686,2,0,0,0.0
1,687,2,0,0,0.0
1,688,4,0,0,0.0
1,689,7,2,2/21,0.09523809523809523
1,690,2,0,0,0.0
1,691,2,0,0,0.0
1,692,8,2,1/14,0.07142857142857142
1,693,2,1,1,1.0
1,694,3,1,1/3,0.3333333333333333
1,695,3,0,0,0.0
1,696,2,0,0,0.0
1,697,6,1,1/15,0.06666666666666667
1,698,2,0,0,0.0
1,699,3,0,0,0.0
1,700,2,0,0,0.0
1,701,2,0,0,0.0
1,702,5,1,1/10,0.1
1,703,2,0,0,0.0
1,704,4,0,0,0.0
1,705,5,0,0,0.0
1,706,2,0,0,0.0
1,707,5,0,0,0.0
1,708,2,0,0,0.0
1,709,6,2,2/15,0.13333333333333333
1,710,3,0,0,0.0
1,711,2,0,0,0.0
1,712,11,5,1/11,0.09090909090909091
1,713,7,0,0,0.0
1,714,2,0,0,0.0
1,715,3,0,0,0.0
1,716,2,0,0,0.0
1,717,2,0,0,0.0
1,718,4,0,0,0.0
1,719,4,0,0,0.0
1,720,4,1,1/6,0.16666666666666666
1,721,7,1,1/21,0.047619047619047616
1,722,2,1,1,1.0
1,723,3,0,0,0.0
1,724,3,1,1/3,0.3333333333333333
1,725,3,0,0,0.0
1,726,4,0,0,0.0
1,727,3,0,0,0.0
1,728,2,0,0,0.0
1,729,2,0,0,0.0
1,730,4,1,1/6,0.16666666666666666
1,731,2,0,0,0.0
1,732,2,0,0,0.0
1,733,2,0,0,0.0
1,734,4,0,0,0.0
1,735,3,1,1/3,0.3333333333333333
1,736,3,1,1/3,0.3333333333333333
1,737,6,1,1/15,0.06666666666666667
1,738,2,0,0,0.0
1,739,2,0,0,0.0
1,740,2,0,0,0.0
1,741,3,0,0,0.0
1,742,2,0,0,0.0
1,743,4,1,1/6,0.16666666666666666
1,744,3,0,0,0.0
1,745,3,1,1/3,0.3333333333333333
1,746,2,1,1,1.0
1,747,4,0,0,0.0
1,748,3,0,0,0.0
1,749,2,1,1,1.0
1,750,4,2,1/3,0.3333333333333333
1,751,5,2,1/5,0.2
1,752,3,0,0,0.0
1,753,2,1,1,1.0
1,754,2,0,0,0.0
1,755,3,1,1/3,0.3333333333333333
1,756,2,0,0,0.0
1,757,2,0,0,0.0
1,758,5,0,0,0.0
1,759,4,1,1/6,0.16666666666666666
1,760,3,0,0,0.0
1,761,7,0,0,0.0
1,762,8,0,0,0.0
1,763,4,0,0,0.0
1,764,3,0,0,0.0
1,765,2,0,0,0.0
1,766,2,0,0,0.0
1,767,6,1,1/15,0.06666666666666667
1,768,3,0,0,0.0
1,769,4,0,0,0.0
1,770,2,0,0,0.0
1,771,5,1,1/10,0.1
1,772,3,0,0,0.0
1,773,4,1,1/6,0.16666666666666666
1,774,7,0,0,0.0
1,775,2,1,1,1.0
1,776,4,2,1/3,0.3333333333333333
1,777,2,0,0,0.0
1,778,4,0,0,0.0
1,779,3,0,0,0.0
1,780,2,1,1,1.0
1,781,2,0,0,0.0
1,782,4,0,0,0.0
1,783,7,1,1/21,0.047619047619047616
1,784,2,0,0,0.0
1,785,4,0,0,0.0
1,786,2,0,0,0.0
1,787,2,0,0,0.0
1,788,3,0,0,0.0
1,789,3,0,0,0.0
1,790,10,0,0,0.0
1,791,4,1,1/6,0.16666666666666666
1,792,3,1,1/3,0.3333333333333333
1,793,2,0,0,0.0
1,794,3,0,0,0.0
1,795,2,0,0,0.0
1,796,4,0,0,0.0
1,797,4,2,1/3,0.3333333333333333
1,798,2,0,0,0.0
1,799,2,0,0,0.0
1,800,2,0,0,0.0
1,801,3,0,0,0.0
1,802,2,0,0,0.0
1,803,2,0,0,0.0
1,804,9,2,1/18,0.05555555555555555
1,805,3,1,1/3,0.3333333333333333
1,806,2,0,0,0.0
1,807,2,0,0,0.0
1,808,2,0,0,0.0
1,809,4,0,0,0.0
1,810,3,0,0,0.0
1,811,3,0,0,0.0
1,812,2,0,0,0.0
1,813,2,0,0,0.0
1,814,3,0,0,0.0
1,815,5,0,0,0.0
1,816,3,0,0,0.0
1,817,3,0,0,0.0
1,818,4,1,1/6,0.16666666666666666
1,819,2,0,0,0.0
1,820,2,0,0,0.0
1,821,4,0,0,0.0
1,822,8,1,1/28,0.03571428571428571
1,823,6,2,2/15,0.13333333333333333
1,824,4,0,0,0.0
1,825,2,1,1,1.0
1,826,2,0,0,0.0
1,827,3,2,2/3,0.6666666666666666
1,828,6,0,0,0.0
1,829,3,0,0,0.0
1,830,2,0,0,0.0
1,831,5,0,0,0.0
1,832,3,2,2/3,0.6666666666666666
1,833,4,0,0,0.0
1,834,3,0,0,0.0
1,835,2,0,0,0.0
1,836,2,0,0,0.0
1,837,4,0,0,0.0
1,838,2,0,0,0.0
1,839,2,0,0,0.0
1,840,4,1,1/6,0.16666666666666666
1,841,3,1,1/3,0.3333333333333333
1,842,3,1,1/3,0.3333333333333333
1,843,2,0,0,0.0
1,844,2,0,0,0.0
1,845,3,0,0,0.0
1,846,2,0,0,0.0
1,847,2,0,0,0.0
1,848,2,0,0,0.0
1,849,2,0,0,0.0
1,850,2,0,0,0.0
1,851,4,0,0,0.0
1,852,2,0,0,0.0
1,853,2,1,1,1.0
1,854,2,0,0,0.0
1,855,4,0,0,0.0
1,856,3,1,1/3,0.3333333333333333
1,857,3,1,1/3,0.3333333333333333
1,858,3,2,2/3,0.6666666666666666
1,859,2,0,0,0.0
1,860,3,0,0,0.0
1,861,3,1,1/3,0.3333333333333333
1,862,2,0,0,0.0
1,863,6,1,1/15,0.06666666666666667
1,864,4,1,1/6,0.16666666666666666
1,865,3,0,0,0.0
1,866,2,0,0,0.0
1,867,3,0,0,0.0
1,868,3,0,0,0.0
1,869,4,2,1/3,0.3333333333333333
1,870,4,0,0,0.0
1,871,2,0,0,0.0
1,872,2,0,0,0.0
1,873,2,0,0,0.0
1,874,2,0,0,0.0
1,875,2,0,0,0.0
1,876,2,0,0,0.0
1,877,2,0,0,0.0
1,878,3,0,0,0.0
1,879,3,0,0,0.0
1,880,2,0,0,0.0
1,881,3,1,1/3,0.3333333333333333
1,882,2,0,0,0.0
1,883,2,0,0,0.0
1,884,2,0,0,0.0
1,885,3,0,0,0.0
1,886,8,0,0,0.0
1,887,7,1,1/21,0.047619047619047616
1,888,3,0,0,0.0
1,889,2,0,0,0.0
1,890,3,0,0,0.0
1,891,4,1,1/6,0.16666666666666666
1,892,2,0,0,0.0
1,893,2,0,0,0.0
1,894,3,2,2/3,0.6666666666666666
1,895,2,1,1,1.0
1,896,2,0,0,0.0
1,897,2,0,0,0.0
1,898,2,0,0,0.0
1,899,3,1,1/3,0.3333333333333333
1,900,2,0,0,0.0
1,901,2,0,0,0.0
1,902,4,0,0,0.0
1,903,4,1,1/6,0.16666666666666666
1,904,8,2,1/14,0.07142857142857142
1,905,7,2,2/21,0.09523809523809523
1,906,2,1,1,1.0
1,907,2,0,0,0.0
1,908,4,0,0,0.0
1,909,2,1,1,1.0
1,910,2,0,0,0.0
1,911,2,0,0,0.0
1,912,2,0,0,0.0
1,913,5,0,0,0.0
1,914,2,0,0,0.0
1,915,2,0,0,0.0
1,916,2,0,0,0.0
1,917,2,0,0,0.0
1,918,3,0,0,0.0
1,919,2,1,1,1.0
1,920,2,0,0,0.0
1,921,6,1,1/15,0.06666666666666667
1,922,2,0,0,0.0
1,923,5,1,1/10,0.1
1,924,3,0,0,0.0
1,925,2,0,0,0.0
1,926,5,1,1/10,0.1
1,927,2,0,0,0.0
1,928,2,0,0,0.0
1,929,3,1,1/3,0.3333333333333333
1,930,2,1,1,1.0
1,931,2,0,0,0.0
1,932,3,0,0,0.0
1,933,4,1,1/6,0.16666666666666666
1,934,2,0,0,0.0
1,935,3,1,1/3,0.3333333333333333
1,936,3,0,0,0.0
1,937,3,1,1/3,0.3333333333333333
1,938,2,0,0,0.0
1,939,3,0,0,0.0
1,940,5,0,0,0.0
1,941,4,2,1/3,0.3333333333333333
1,942,3,1,1/3,0.3333333333333333
1,943,3,0,0,0.0
1,944,3,0,0,0.0
1,945,3,0,0,0.0
1,946,3,2,2/3,0.6666666666666666
1,947,2,0,0,0.0
1,948,4,1,1/6,0.16666666666666666
1,949,2,0,0,0.0
1,950,2,0,0,0.0
1,951,2,0,0,0.0
1,952,2,0,0,0.0
1,953,3,1,1/3,0.3333333333333333
1,954,2,0,0,0.0
1,955,2,0,0,0.0
1,956,8,2,1/14,0.07142857142857142
1,957,2,0,0,0.0
1,958,2,0,0,0.0
1,959,2,0,0,0.0
1,960,2,1,1,1.0
1,961,3,0,0,0.0
1,962,2,1,1,1.0
1,963,3,0,0,0.0
1,964,2,1,1,1.0
1,965,2,0,0,0.0
1,966,4,1,1/6,0.16666666666666666
1,967,2,0,0,0.0
1,968,2,0,0,0.0
1,969,2,0,0,0.0
1,970,3,1,1/3,0.3333333333333333
1,971,4,1,1/6,0.16666666666666666
1,972,2,0,0,0.0
1,973,4,0,0,0.0
1,974,3,1,1/3,0.3333333333333333
1,975,10,3,1/15,0.06666666666666667
1,976,4,2,1/3,0.3333333333333333
1,977,3,0,0,0.0
1,978,4,3,1/2,0.5
1,979,8,1,1/28,0.03571428571428571
1,980,9,5,5/36,0.1388888888888889
1,981,7,3,1/7,0.14285714285714285
1,982,3,1,1/3,0.3333333333333333
1,983,3,1,1/3,0.3333333333333333
1,984,3,1,1/3,0.3333333333333333
1,985,2,1,1,1.0
1,986,2,0,0,0.0
1,987,8,2,1/14,0.07142857142857142
1,988,2,0,0,0.0
1,989,2,0,0,0.0
1,990,5,1,1/10,0.1
1,991,2,1,1,1.0
1,992,2,0,0,0.0
1,993,3,0,0,0.0
1,994,2,0,0,0.0
1,995,2,0,0,0.0
1,996,2,0,0,0.0
1,997,2,0,0,0.0
1,998,2,0,0,0.0
1,999,2,0,0,0.0
1,1000,3,0,0,0.0
1,1001,3,2,2/3,0.6666666666666666
1,1002,2,1,1,1.0
1,1003,4,0,0,0.0
1,1004,2,1,1,1.0
1,1005,2,0,0,0.0
1,1006,2,0,0,0.0
1,1007,2,0,0,0.0
1,1008,3,0,0,0.0
1,1009,2,1,1,1.0
1,1010,2,0,0,0.0
1,1011,3,0,0,0.0
1,1012,2,1,1,1.0
1,1013,4,2,1/3,0.3333333333333333
1,1014,3,0,0,0.0
1,1015,2,1,1,1.0
1,1016,2,1,1,1.0
1,1017,2,1,1,1.0
1,1018,2,0,0,0.0
1,1019,7,1,1/21,0.047619047619047616
1,1020,2,0,0,0.0
1,1021,5,2,1/5,0.2
1,1022,2,0,0,0.0
1,1023,2,0,0,0.0
1,1024,2,1,1,1.0
1,1025,2,0,0,0.0
1,1026,3,0,0,0.0
1,1027,2,0,0,0.0
1,1028,4,2,1/3,0.3333333333333333
1,1029,3,2,2/3,0.6666666666666666
1,1030,4,0,0,0.0
1,1031,4,0,0,0.0
1,1032,3,0,0,0.0
1,1033,2,0,0,0.0
1,1034,9,1,1/36,0.027777777777777776
1,1035,2,0,0,0.0
1,1036,3,0,0,0.0
1,1037,6,2,2/15,0.13333333333333333
1,1038,2,0,0,0.0
1,1039,7,2,2/21,0.09523809523809523
1,1040,2,0,0,0.0
1,1041,2,0,0,0.0
1,1042,8,4,1/7,0.14285714285714285
1,1043,2,0,0,0.0
1,1044,2,1,1,1.0
1,1045,6,2,2/15,0.13333333333333333
1,1046,2,0,0,0.0
1,1047,3,0,0,0.0
1,1048,2,0,0,0.0
1,1049,2,0,0,0.0
1,1050,8,1,1/28,0.03571428571428571
1,1051,2,0,0,0.0
1,1052,4,0,0,0.0
1,1053,3,1,1/3,0.3333333333333333
1,1054,4,2,1/3,0.3333333333333333
1,1055,2,0,0,0.0
1,1056,6,3,1/5,0.2
1,1057,2,1,1,1.0
1,1058,5,1,1/10,0.1
1,1059,2,0,0,0.0
1,1060,3,1,1/3,0.3333333333333333
1,1061,3,0,0,0.0
1,1062,3,0,0,0.0
1,1063,2,0,0,0.0
1,1064,4,0,0,0.0
1,1065,4,0,0,0.0
1,1066,9,5,5/36,0.1388888888888889
1,1067,3,2,2/3,0.6666666666666666
1,1068,2,1,1,1.0
1,1069,2,0,0,0.0
1,1070,3,0,0,0.0
1,1071,3,0,0,0.0
1,1072,3,0,0,0.0
1,1073,2,1,1,1.0
1,1074,7,0,0,0.0
1,1075,3,0,0,0.0
1,1076,2,0,0,0.0
1,1077,2,0,0,0.0
1,1078,5,0,0,0.0
1,1079,2,0,0,0.0
1,1080,5,0,0,0.0
1,1081,3,1,1/3,0.3333333333333333
1,1082,3,0,0,0.0
1,1083,2,1,1,1.0
1,1084,2,0,0,0.0
1,1085,7,2,2/21,0.09523809523809523
1,1086,4,0,0,0.0
1,1087,2,1,1,1.0
1,1088,2,0,0,0.0
1,1089,7,1,1/21,0.047619047619047616
1,1090,3,0,0,0.0
1,1091,3,0,0,0.0
1,1092,3,1,1/3,0.3333333333333333
1,1093,2,0,0,0.0
1,1094,5,0,0,0.0
1,1095,2,0,0,0.0
1,1096,5,1,1/10,0.1
1,1097,4,0,0,0.0
1,1098,4,0,0,0.0
1,1099,2,0,0,0.0
1,1100,4,0,0,0.0
1,1101,5,1,1/10,0.1
1,1102,4,0,0,0.0
1,1103,8,4,1/7,0.14285714285714285
1,1104,2,1,1,1.0
1,1105,2,0,0,0.0
1,1106,2,0,0,0.0
1,1107,2,0,0,0.0
1,1108,2,0,0,0.0
1,1109,8,0,0,0.0
1,1110,2,0,0,0.0
1,1111,5,2,1/5,0.2
1,1112,6,2,2/15,0.13333333333333333
1,1113,4,1,1/6,0.16666666666666666
1,1114,3,0,0,0.0
1,1115,3,0,0,0.0
1,1116,2,0,0,0.0
1,1117,2,0,0,0.0
1,1118,2,0,0,0.0
1,1119,2,0,0,0.0
1,1120,2,1,1,1.0
1,1121,3,1,1/3,0.3333333333333333
1,1122,7,0,0,0.0
1,1123,3,0,0,0.0
1,1124,3,1,1/3,0.3333333333333333
1,1125,4,0,0,0.0
1,1126,2,0,0,0.0
1,1127,2,0,0,0.0
1,1128,3,0,0,0.0
1,1129,3,0,0,0.0
1,1130,2,0,0,0.0
1,1131,2,0,0,0.0
1,1132,5,1,1/10,0.1
1,1133,5,2,1/5,0.2
1,1134,4,0,0,0.0
1,1135,3,0,0,0.0
1,1136,2,1,1,1.0
1,1137,3,1,1/3,0.3333333333333333
1,1138,3,0,0,0.0
1,1139,3,0,0,0.0
1,1140,5,1,1/10,0.1
1,1141,2,0,0,0.0
1,1142,2,1,1,1.0
1,1143,3,1,1/3,0.3333333333333333
1,1144,5,2,1/5,0.2
1,1145,2,0,0,0.0
1,1146,2,0,0,0.0
1,1147,3,1,1/3,0.3333333333333333
1,1148,3,0,0,0.0
1,1149,2,0,0,0.0
1,1150,4,3,1/2,0.5
1,1151,3,0,0,0.0
1,1152,4,1,1/6,0.16666666666666666
1,1153,3,1,1/3,0.3333333333333333
1,1154,2,0,0,0.0
1,1155,3,0,0,0.0
1,1156,5,0,0,0.0
1,1157,3,1,1/3,0.3333333333333333
1,1158,2,0,0,0.0
1,1159,3,0,0,0.0
1,1160,2,0,0,0.0
1,1161,2,0,0,0.0
1,1162,2,0,0,0.0
1,1163,3,0,0,0.0
1,1164,4,0,0,0.0
1,1165,2,0,0,0.0
1,1166,2,1,1,1.0
1,1167,3,0,0,0.0
1,1168,7,1,1/21,0.047619047619047616
1,1169,2,0,0,0.0
1,1170,2,1,1,1.0
1,1171,6,1,1/15,0.06666666666666667
1,1172,6,1,1/15,0.06666666666666667
1,1173,2,0,0,0.0
1,1174,3,0,0,0.0
1,1175,5,2,1/5,0.2
1,1176,4,0,0,0.0
1,1177,3,0,0,0.0
1,1178,5,1,1/10,0.1
1,1179,3,0,0,0.0
1,1180,3,2,2/3,0.6666666666666666
1,1181,4,2,1/3,0.3333333333333333
1,1182,4,0,0,0.0
1,1183,4,0,0,0.0
1,1184,2,0,0,0.0
1,1185,2,0,0,0.0
1,1186,2,0,0,0.0
1,1187,2,0,0,0.0
1,1188,5,2,1/5,0.2
1,1189,2,0,0,0.0
1,1190,2,1,1,1.0
1,1191,4,0,0,0.0
1,1192,12,4,2/33,0.06060606060606061
1,1193,2,1,1,1.0
1,1194,4,0,0,0.0
1,1195,3,0,0,0.0
1,1196,3,0,0,0.0
1,1197,5,1,1/10,0.1
1,1198,3,1,1/3,0.3333333333333333
1,1199,8,1,1/28,0.03571428571428571
1,1200,5,1,1/10,0.1
1,1201,2,0,0,0.0
1,1202,3,1,1/3,0.3333333333333333
1,1203,2,0,0,0.0
1,1204,4,1,1/6,0.16666666666666666
1,1205,4,0,0,0.0
1,1206,2,0,0,0.0
1,1207,4,1,1/6,0.16666666666666666
1,1208,2,0,0,0.0
1,1209,2,0,0,0.0
1,1210,4,0,0,0.0
1,1211,2,0,0,0.0
1,1212,2,0,0,0.0
1,1213,3,0,0,0.0
1,1214,2,0,0,0.0
1,1215,3,1,1/3,0.3333333333333333
1,1216,2,0,0,0.0
1,1217,2,0,0,0.0
1,1218,2,0,0,0.0
1,1219,11,1,1/55,0.01818181818181818
1,1220,2,0,0,0.0
1,1221,2,0,0,0.0
1,1222,4,0,0,0.0
1,1223,9,0,0,0.0
1,1224,5,1,1/10,0.1
1,1225,4,0,0,0.0
1,1226,10,0,0,0.0
1,1227,2,0,0,0.0
1,1228,3,0,0,0.0
1,1229,2,0,0,0.0
1,1230,6,0,0,0.0
1,1231,2,0,0,0.0
1,1232,3,0,0,0.0
1,1233,2,0,0,0.0
1,1234,3,0,0,0.0
1,1235,2,0,0,0.0
1,1236,2,0,0,0.0
1,1237,3,1,1/3,0.3333333333333333
1,1238,4,0,0,0.0
1,1239,2,0,0,0.0
1,1240,3,0,0,0.0
1,1241,3,0,0,0.0
1,1242,3,1,1/3,0.3333333333333333
1,1243,5,0,0,0.0
1,1244,4,1,1/6,0.16666666666666666
1,1245,3,0,0,0.0
1,1246,2,0,0,0.0
1,1247,4,0,0,0.0
1,1248,2,1,1,1.0
1,1249,6,1,1/15,0.06666666666666667
1,1250,3,0,0,0.0
1,1251,2,0,0,0.0
1,1252,3,1,1/3,0.3333333333333333
1,1253,5,0,0,0.0
1,1254,3,0,0,0.0
1,1255,5,1,1/10,0.1
1,1256,2,1,1,1.0
1,1257,2,1,1,1.0
1,1258,4,0,0,0.0
1,1259,9,4,1/9,0.1111111111111111
1,1260,2,0,0,0.0
1,1261,4,0,0,0.0
1,1262,2,1,1,1.0
1,1263,5,1,1/10,0.1
1,1264,2,0,0,0.0
1,1265,3,0,0,0.0
1,1266,4,1,1/6,0.16666666666666666
1,1267,4,0,0,0.0
1,1268,2,0,0,0.0
1,1269,2,0,0,0.0
1,1270,2,0,0,0.0
1,1271,3,1,1/3,0.3333333333333333
1,1272,3,0,0,0.0
1,1273,2,0,0,0.0
1,1274,4,1,1/6,0.16666666666666666
1,1275,4,0,0,0.0
1,1276,2,1,1,1.0
1,1277,3,2,2/3,0.6666666666666666
1,1278,2,0,0,0.0
1,1279,2,1,1,1.0
1,1280,4,2,1/3,0.3333333333333333
1,1281,2,0,0,0.0
1,1282,3,2,2/3,0.6666666666666666
1,1283,3,1,1/3,0.3333333333333333
1,1284,5,0,0,0.0
1,1285,2,0,0,0.0
1,1286,2,0,0,0.0
1,1287,3,1,1/3,0.3333333333333333
1,1288,2,0,0,0.0
1,1289,3,1,1/3,0.3333333333333333
1,1290,2,0,0,0.0
1,1291,9,1,1/36,0.027777777777777776
1,1292,4,0,0,0.0
1,1293,2,1,1,1.0
1,1294,2,0,0,0.0
1,1295,4,1,1/6,0.16666666666666666
1,1296,4,1,1/6,0.16666666666666666
1,1297,2,0,0,0.0
1,1298,3,0,0,0.0
1,1299,3,0,0,0.0
1,1300,5,0,0,0.0
1,1301,2,0,0,0.0
1,1302,2,1,1,1.0
1,1303,5,0,0,0.0
1,1304,2,0,0,0.0
1,1305,4,1,1/6,0.16666666666666666
1,1306,2,0,0,0.0
1,1307,3,0,0,0.0
1,1308,3,2,2/3,0.6666666666666666
1,1309,3,0,0,0.0
1,1310,2,1,1,1.0
1,1311,2,0,0,0.0
1,1312,2,0,0,0.0
1,1313,2,0,0,0.0
1,1314,2,0,0,0.0
1,1315,2,0,0,0.0
1,1316,2,0,0,0.0
1,1317,2,0,0,0.0
1,1318,3,0,0,0.0
1,1319,3,0,0,0.0
1,1320,4,0,0,0.0
1,1321,3,1,1/3,0.3333333333333333
1,1322,8,4,1/7,0.14285714285714285
1,1323,2,1,1,1.0
1,1324,2,0,0,0.0
1,1325,2,0,0,0.0
1,1326,2,1,1,1.0
1,1327,3,0,0,0.0
1,1328,2,0,0,0.0
1,1329,5,1,1/10,0.1
1,1330,3,0,0,0.0
1,1331,2,0,0,0.0
1,1332,2,1,1,1.0
1,1333,2,1,1,1.0
1,1334,2,1,1,1.0
1,1335,4,0,0,0.0
1,1336,2,0,0,0.0
1,1337,4,1,1/6,0.16666666666666666
1,1338,4,1,1/6,0.16666666666666666
1,1339,3,0,0,0.0
1,1340,2,0,0,0.0
1,1341,6,3,1/5,0.2
1,1342,5,1,1/10,0.1
1,1343,2,0,0,0.0
1,1344,2,0,0,0.0
1,1345,3,0,0,0.0
1,1346,2,0,0,0.0
1,1347,3,0,0,0.0
1,1348,2,0,0,0.0
1,1349,3,0,0,0.0
1,1350,3,1,1/3,0.3333333333333333
1,1351,2,0,0,0.0
1,1352,2,0,0,0.0
1,1353,2,0,0,0.0
1,1354,3,2,2/3,0.6666666666666666
1,1355,2,0,0,0.0
1,1356,4,1,1/6,0.16666666666666666
1,1357,4,0,0,0.0
1,1358,2,0,0,0.0
1,1359,3,0,0,0.0
1,1360,2,0,0,0.0
1,1361,3,1,1/3,0.3333333333333333
1,1362,2,1,1,1.0
1,1363,2,0,0,0.0
1,1364,2,0,0,0.0
1,1365,2,1,1,1.0
1,1366,2,0,0,0.0
1,1367,2,0,0,0.0
1,1368,2,0,0,0.0
1,1369,2,0,0,0.0
1,1370,4,1,1/6,0.16666666666666666
1,1371,3,1,1/3,0.3333333333333333
1,1372,4,1,1/6,0.16666666666666666
1,1373,6,3,1/5,0.2
1,1374,4,1,1/6,0.16666666666666666
1,1375,2,0,0,0.0
1,1376,2,1,1,1.0
1,1377,2,0,0,0.0
1,1378,2,1,1,1.0
1,1379,4,3,1/2,0.5
1,1380,3,1,1/3,0.3333333333333333
1,1381,5,1,1/10,0.1
1,1382,2,0,0,0.0
1,1383,2,0,0,0.0
1,1384,3,0,0,0.0
1,1385,2,0,0,0.0
1,1386,8,1,1/28,0.03571428571428571
1,1387,2,1,1,1.0
1,1388,3,1,1/3,0.3333333333333333
1,1389,3,0,0,0.0
1,1390,4,1,1/6,0.16666666666666666
1,1391,11,2,2/55,0.03636363636363636
1,1392,2,0,0,0.0
1,1393,5,0,0,0.0
1,1394,2,1,1,1.0
1,1395,3,0,0,0.0
1,1396,2,1,1,1.0
1,1397,2,0,0,0.0
1,1398,6,1,1/15,0.06666666666666667
1,1399,2,0,0,0.0
1,1400,3,1,1/3,0.3333333333333333
1,1401,4,0,0,0.0
1,1402,3,1,1/3,0.3333333333333333
1,1403,3,1,1/3,0.3333333333333333
1,1404,3,0,0,0.0
1,1405,4,0,0,0.0
1,1406,2,0,0,0.0
1,1407,3,0,0,0.0
1,1408,4,0,0,0.0
1,1409,2,0,0,0.0
1,1410,5,0,0,0.0
1,1411,3,0,0,0.0
1,1412,4,1,1/6,0.16666666666666666
1,1413,3,0,0,0.0
1,1414,3,0,0,0.0
1,1415,2,1,1,1.0
1,1416,4,0,0,0.0
1,1417,3,0,0,0.0
1,1418,2,0,0,0.0
1,1419,2,0,0,0.0
1,1420,2,0,0,0.0
1,1421,6,1,1/15,0.06666666666666667
1,1422,4,1,1/6,0.16666666666666666
1,1423,2,0,0,0.0
1,1424,2,0,0,0.0
1,1425,2,1,1,1.0
1,1426,3,0,0,0.0
1,1427,4,1,1/6,0.16666666666666666
1,1428,3,0,0,0.0
1,1429,2,1,1,1.0
1,1430,2,0,0,0.0
1,1431,2,1,1,1.0
1,1432,3,1,1/3,0.3333333333333333
1,1433,3,0,0,0.0
1,1434,7,2,2/21,0.09523809523809523
1,1435,15,2,2/105,0.01904761904761905
1,1436,4,0,0,0.0
1,1437,2,0,0,0.0
1,1438,2,0,0,0.0
1,1439,2,1,1,1.0
1,1440,2,0,0,0.0
1,1441,2,0,0,0.0
1,1442,2,0,0,0.0
1,1443,2,1,1,1.0
1,1444,2,0,0,0.0
1,1445,4,0,0,0.0
1,1446,2,0,0,0.0
1,1447,2,0,0,0.0
1,1448,10,3,1/15,0.06666666666666667
1,1449,2,0,0,0.0
1,1450,2,0,0,0.0
1,1451,2,0,0,0.0
1,1452,2,0,0,0.0
1,1453,2,0,0,0.0
1,1454,5,0,0,0.0
1,1455,3,0,0,0.0
1,1456,3,1,1/3,0.3333333333333333
1,1457,3,0,0,0.0
1,1458,2,0,0,0.0
1,1459,3,0,0,0.0
1,1460,4,0,0,0.0
1,1461,4,0,0,0.0
1,1462,3,2,2/3,0.6666666666666666
1,1463,2,1,1,1.0
1,1464,2,0,0,0.0
1,1465,2,1,1,1.0
1,1466,2,0,0,0.0
1,1467,3,0,0,0.0
1,1468,3,0,0,0.0
1,1469,3,0,0,0.0
1,1470,3,0,0,0.0
1,1471,2,0,0,0.0
1,1472,6,4,4/15,0.26666666666666666
1,1473,4,1,1/6,0.16666666666666666
1,1474,2,0,0,0.0
1,1475,6,2,2/15,0.13333333333333333
1,1476,2,0,0,0.0
1,1477,3,0,0,0.0
1,1478,7,3,1/7,0.14285714285714285
1,1479,3,0,0,0.0
1,1480,2,1,1,1.0
1,1481,5,2,1/5,0.2
1,1482,12,3,1/22,0.045454545454545456
1,1483,5,1,1/10,0.1
1,1484,2,1,1,1.0
1,1485,5,0,0,0.0
1,1486,6,0,0,0.0
1,1487,6,1,1/15,0.06666666666666667
1,1488,10,4,4/45,0.08888888888888889
1,1489,4,1,1/6,0.16666666666666666
1,1490,2,0,0,0.0
1,1491,2,0,0,0.0
1,1492,6,0,0,0.0
1,1493,3,0,0,0.0
1,1494,3,0,0,0.0
1,1495,2,0,0,0.0
1,1496,3,0,0,0.0
1,1497,2,0,0,0.0
1,1498,2,0,0,0.0
1,1499,2,1,1,1.0
1,1500,2,1,1,1.0
1,1501,2,1,1,1.0
1,1502,2,0,0,0.0
1,1503,3,1,1/3,0.3333333333333333
1,1504,3,0,0,0.0
1,1505,5,2,1/5,0.2
1,1506,2,0,0,0.0
1,1507,2,1,1,1.0
1,1508,4,0,0,0.0
1,1509,5,1,1/10,0.1
1,1510,6,2,2/15,0.13333333333333333
1,1511,7,3,1/7,0.14285714285714285
1,1512,6,2,2/15,0.13333333333333333
1,1513,2,0,0,0.0
1,1514,2,0,0,0.0
1,1515,2,0,0,0.0
1,1516,2,0,0,0.0
1,1517,2,0,0,0.0
1,1518,2,0,0,0.0
1,1519,4,0,0,0.0
1,1520,2,0,0,0.0
1,1521,3,1,1/3,0.3333333333333333
1,1522,2,0,0,0.0
1,1523,2,0,0,0.0
1,1524,2,0,0,0.0
1,1525,3,0,0,0.0
1,1526,3,1,1/3,0.3333333333333333
1,1527,2,0,0,0.0
1,1528,3,0,0,0.0
1,1529,3,1,1/3,0.3333333333333333
1,1530,3,0,0,0.0
1,1531,5,0,0,0.0
1,1532,2,0,0,0.0
1,1533,2,0,0,0.0
1,1534,3,0,0,0.0
1,1535,3,0,0,0.0
1,1536,3,0,0,0.0
1,1537,2,0,0,0.0
1,1538,2,0,0,0.0
1,1539,2,0,0,0.0
1,1540,6,1,1/15,0.06666666666666667
1,1541,3,0,0,0.0
1,1542,2,0,0,0.0
1,1543,8,1,1/28,0.03571428571428571
1,1544,2,0,0,0.0
1,1545,9,1,1/36,0.027777777777777776
1,1546,2,0,0,0.0
1,1547,4,1,1/6,0.16666666666666666
1,1548,6,1,1/15,0.06666666666666667
1,1549,2,1,1,1.0
1,1550,2,0,0,0.0
1,1551,2,0,0,0.0
1,1552,2,0,0,0.0
1,1553,7,3,1/7,0.14285714285714285
1,1554,2,0,0,0.0
1,1555,2,0,0,0.0
1,1556,2,0,0,0.0
1,1557,2,0,0,0.0
1,1558,3,0,0,0.0
1,1559,4,1,1/6,0.16666666666666666
1,1560,3,1,1/3,0.3333333333333333
1,1561,4,1,1/6,0.16666666666666666
1,1562,5,2,1/5,0.2
1,1563,4,2,1/3,0.3333333333333333
1,1564,4,1,1/6,0.16666666666666666
1,1565,9,0,0,0.0
1,1566,4,0,0,0.0
1,1567,3,1,1/3,0.3333333333333333
1,1568,2,0,0,0.0
1,1569,5,2,1/5,0.2
1,1570,2,0,0,0.0
1,1571,4,0,0,0.0
1,1572,6,0,0,0.0
1,1573,5,0,0,0.0
1,1574,3,1,1/3,0.3333333333333333
1,1575,2,0,0,0.0
1,1576,2,0,0,0.0
1,1577,11,3,3/55,0.05454545454545454
1,1578,3,1,1/3,0.3333333333333333
1,1579,5,0,0,0.0
1,1580,2,1,1,1.0
1,1581,5,1,1/10,0.1
1,1582,2,0,0,0.0
1,1583,2,0,0,0.0
1,1584,3,0,0,0.0
1,1585,2,0,0,0.0
1,1586,3,0,0,0.0
1,1587,3,0,0,0.0
1,1588,2,0,0,0.0
1,1589,2,0,0,0.0
1,1590,2,0,0,0.0
1,1591,4,0,0,0.0
1,1592,6,0,0,0.0
1,1593,7,2,2/21,0.09523809523809523
1,1594,6,1,1/15,0.06666666666666667
1,1595,4,2,1/3,0.3333333333333333
1,1596,4,1,1/6,0.16666666666666666
1,1597,3,0,0,0.0
1,1598,2,1,1,1.0
1,1599,3,1,1/3,0.3333333333333333
1,1600,5,1,1/10,0.1
1,1601,6,0,0,0.0
1,1602,2,0,0,0.0
1,1603,3,1,1/3,0.3333333333333333
1,1604,3,0,0,0.0
1,1605,4,0,0,0.0
1,1606,2,0,0,0.0
1,1607,4,2,1/3,0.3333333333333333
1,1608,2,1,1,1.0
1,1609,2,0,0,0.0
1,1610,3,0,0,0.0
1,1611,9,3,1/12,0.08333333333333333
1,1612,2,0,0,0.0
1,1613,3,0,0,0.0
1,1614,2,1,1,1.0
1,1615,2,1,1,1.0
1,1616,3,0,0,0.0
1,1617,3,0,0,0.0
1,1618,3,0,0,0.0
1,1619,2,0,0,0.0
1,1620,2,0,0,0.0
1,1621,2,0,0,0.0
1,1622,4,0,0,0.0
1,1623,5,1,1/10,0.1
1,1624,5,0,0,0.0
1,1625,6,1,1/15,0.06666666666666667
1,1626,2,0,0,0.0
1,1627,2,0,0,0.0
1,1628,2,0,0,0.0
1,1629,3,0,0,0.0
1,1630,2,0,0,0.0
1,1631,5,3,3/10,0.3
1,1632,8,1,1/28,0.03571428571428571
1,1633,2,0,0,0.0
1,1634,2,0,0,0.0
1,1635,3,0,0,0.0
1,1636,2,0,0,0.0
1,1637,7,3,1/7,0.14285714285714285
1,1638,6,0,0,0.0
1,1639,2,1,1,1.0
1,1640,2,1,1,1.0
1,1641,4,2,1/3,0.3333333333333333
1,1642,3,0,0,0.0
1,1643,2,0,0,0.0
1,1644,2,0,0,0.0
1,1645,2,0,0,0.0
1,1646,2,0,0,0.0
1,1647,2,0,0,0.0
1,1648,2,0,0,0.0
1,1649,3,1,1/3,0.3333333333333333
1,1650,2,1,1,1.0
1,1651,5,1,1/10,0.1
1,1652,6,1,1/15,0.06666666666666667
1,1653,2,0,0,0.0
1,1654,2,0,0,0.0
1,1655,3,1,1/3,0.3333333333333333
1,1656,3,0,0,0.0
1,1657,4,1,1/6,0.16666666666666666
1,1658,2,0,0,0.0
1,1659,2,0,0,0.0
1,1660,2,0,0,0.0
1,1661,5,0,0,0.0
1,1662,2,0,0,0.0
1,1663,2,1,1,1.0
1,1664,2,0,0,0.0
1,1665,2,1,1,1.0
1,1666,6,4,4/15,0.26666666666666666
1,1667,2,1,1,1.0
1,1668,4,2,1/3,0.3333333333333333
1,1669,2,0,0,0.0
1,1670,2,1,1,1.0
1,1671,3,1,1/3,0.3333333333333333
1,1672,3,2,2/3,0.6666666666666666
1,1673,4,2,1/3,0.3333333333333333
1,1674,2,0,0,0.0
1,1675,3,0,0,0.0
1,1676,2,1,1,1.0
1,1677,2,0,0,0.0
1,1678,3,2,2/3,0.6666666666666666
1,1679,2,0,0,0.0
1,1680,2,0,0,0.0
1,1681,3,0,0,0.0
1,1682,3,1,1/3,0.3333333333333333
1,1683,2,0,0,0.0
1,1684,3,0,0,0.0
1,1685,7,0,0,0.0
1,1686,4,0,0,0.0
1,1687,4,1,1/6,0.16666666666666666
1,1688,6,0,0,0.0
1,1689,5,0,0,0.0
1,1690,11,2,2/55,0.03636363636363636
1,1691,5,1,1/10,0.1
1,1692,6,0,0,0.0
1,1693,2,0,0,0.0
1,1694,3,0,0,0.0
1,1695,5,0,0,0.0
1,1696,9,2,1/18,0.05555555555555555
1,1697,3,1,1/3,0.3333333333333333
1,1698,3,0,0,0.0
1,1699,3,1,1/3,0.3333333333333333
1,1700,2,0,0,0.0
1,1701,3,0,0,0.0
1,1702,2,1,1,1.0
1,1703,2,1,1,1.0
1,1704,2,0,0,0.0
1,1705,2,0,0,0.0
1,1706,2,0,0,0.0
1,1707,5,1,1/10,0.1
1,1708,4,1,1/6,0.16666666666666666
1,1709,2,0,0,0.0
1,1710,2,0,0,0.0
1,1711,3,1,1/3,0.3333333333333333
1,1712,3,0,0,0.0
1,1713,2,1,1,1.0
1,1714,3,0,0,0.0
1,1715,2,0,0,0.0
1,1716,6,0,0,0.0
1,1717,2,0,0,0.0
1,1718,2,0,0,0.0
1,1719,6,1,1/15,0.06666666666666667
1,1720,3,0,0,0.0
1,1721,5,1,1/10,0.1
1,1722,5,0,0,0.0
1,1723,4,0,0,0.0
1,1724,4,0,0,0.0
1,1725,5,3,3/10,0.3
1,1726,2,0,0,0.0
1,1727,2,0,0,0.0
1,1728,5,2,1/5,0.2
1,1729,4,0,0,0.0
1,1730,2,0,0,0.0
1,1731,3,0,0,0.0
1,1732,3,1,1/3,0.3333333333333333
1,1733,2,0,0,0.0
1,1734,3,0,0,0.0
1,1735,2,0,0,0.0
1,1736,5,0,0,0.0
1,1737,3,0,0,0.0
1,1738,3,0,0,0.0
1,1739,3,0,0,0.0
1,1740,2,0,0,0.0
1,1741,2,0,0,0.0
1,1742,2,1,1,1.0
1,1743,6,0,0,0.0
1,1744,2,0,0,0.0
1,1745,3,0,0,0.0
1,1746,2,0,0,0.0
1,1747,5,1,1/10,0.1
1,1748,2,1,1,1.0
1,1749,3,0,0,0.0
1,1750,5,0,0,0.0
1,1751,3,0,0,0.0
1,1752,2,0,0,0.0
1,1753,4,1,1/6,0.16666666666666666
1,1754,3,1,1/3,0.3333333333333333
1,1755,3,0,0,0.0
1,1756,3,0,0,0.0
1,1757,3,0,0,0.0
1,1758,2,1,1,1.0
1,1759,4,0,0,0.0
1,1760,2,0,0,0.0
1,1761,4,0,0,0.0
1,1762,4,1,1/6,0.16666666666666666
1,1763,2,0,0,0.0
1,1764,8,1,1/28,0.03571428571428571
1,1765,3,1,1/3,0.3333333333333333
1,1766,2,0,0,0.0
1,1768,4,0,0,0.0
1,1769,2,0,0,0.0
1,1770,6,1,1/15,0.06666666666666667
1,1771,5,0,0,0.0
1,1772,2,0,0,0.0
1,1773,2,0,0,0.0
1,1774,2,0,0,0.0
1,1775,2,0,0,0.0
1,1776,2,1,1,1.0
1,1777,2,1,1,1.0
1,1778,2,0,0,0.0
1,1779,3,2,2/3,0.6666666666666666
1,1780,3,1,1/3,0.3333333333333333
1,1781,2,0,0,0.0
1,1782,8,2,1/14,0.07142857142857142
1,1783,2,0,0,0.0
1,1784,2,0,0,0.0
1,1785,2,1,1,1.0
1,1786,2,0,0,0.0
1,1787,2,0,0,0.0
1,1788,5,1,1/10,0.1
1,1789,3,0,0,0.0
1,1790,2,0,0,0.0
1,1791,2,1,1,1.0
1,1792,9,1,1/36,0.027777777777777776
1,1793,4,0,0,0.0
1,1794,2,0,0,0.0
1,1795,2,0,0,0.0
1,1796,4,1,1/6,0.16666666666666666
1,1797,2,0,0,0.0
1,1798,2,0,0,0.0
1,1799,4,0,0,0.0
1,1800,2,1,1,1.0
1,1801,2,1,1,1.0
1,1802,2,0,0,0.0
1,1803,3,1,1/3,0.3333333333333333
1,1804,4,1,1/6,0.16666666666666666
1,1805,3,0,0,0.0
1,1806,4,1,1/6,0.16666666666666666
1,1807,2,0,0,0.0
1,1808,4,0,0,0.0
1,1809,3,0,0,0.0
1,1810,8,1,1/28,0.03571428571428571
1,1811,4,0,0,0.0
1,1812,4,0,0,0.0
1,1813,4,2,1/3,0.3333333333333333
1,1814,5,1,1/10,0.1
1,1815,2,0,0,0.0
1,1816,3,1,1/3,0.3333333333333333
1,1817,2,1,1,1.0
1,1818,2,0,0,0.0
1,1819,2,0,0,0.0
1,1820,2,0,0,0.0
1,1821,3,0,0,0.0
1,1822,2,0,0,0.0
1,1823,2,0,0,0.0
1,1824,3,1,1/3,0.3333333333333333
1,1825,2,0,0,0.0
1,1826,2,0,0,0.0
1,1827,2,1,1,1.0
1,1828,4,0,0,0.0
1,1829,4,1,1/6,0.16666666666666666
1,1830,9,1,1/36,0.027777777777777776
1,1831,7,0,0,0.0
1,1832,2,0,0,0.0
1,1833,2,0,0,0.0
1,1834,3,0,0,0.0
1,1835,3,0,0,0.0
1,1836,2,0,0,0.0
1,1837,2,0,0,0.0
1,1838,3,0,0,0.0
1,1839,8,3,3/28,0.10714285714285714
1,1840,2,0,0,0.0
1,1841,2,1,1,1.0
1,1842,2,0,0,0.0
1,1843,3,0,0,0.0
1,1844,2,0,0,0.0
1,1845,2,0,0,0.0
1,1846,2,0,0,0.0
1,1847,2,1,1,1.0
1,1848,2,0,0,0.0
1,1849,2,1,1,1.0
1,1850,2,1,1,1.0
1,1851,2,1,1,1.0
1,1852,2,0,0,0.0
1,1853,2,0,0,0.0
1,1854,5,1,1/10,0.1
1,1855,2,1,1,1.0
1,1856,2,0,0,0.0
1,1857,2,0,0,0.0
1,1858,2,1,1,1.0
1,1859,2,0,0,0.0
1,1860,2,0,0,0.0
1,1861,4,1,1/6,0.16666666666666666
1,1862,3,0,0,0.0
1,1863,2,0,0,0.0
1,1864,3,0,0,0.0
1,1865,2,0,0,0.0
1,1866,4,0,0,0.0
1,1867,3,0,0,0.0
1,1868,4,1,1/6,0.16666666666666666
1,1869,2,0,0,0.0
1,1870,2,0,0,0.0
1,1871,3,0,0,0.0
1,1872,2,0,0,0.0
1,1873,2,0,0,0.0
1,1874,2,0,0,0.0
1,1875,2,0,0,0.0
1,1876,3,1,1/3,0.3333333333333333
1,1877,2,0,0,0.0
1,1878,2,0,0,0.0
1,1879,2,0,0,0.0
1,1880,5,0,0,0.0
1,1881,2,0,0,0.0
1,1882,2,0,0,0.0
1,1883,2,1,1,1.0
1,1884,2,1,1,1.0
1,1885,7,0,0,0.0
1,1886,2,1,1,1.0
1,1887,4,0,0,0.0
1,1888,7,1,1/21,0.047619047619047616
1,1889,3,0,0,0.0
1,1890,2,0,0,0.0
1,1891,2,0,0,0.0
1,1892,4,0,0,0.0
1,1893,4,0,0,0.0
1,1894,2,0,0,0.0
1,1895,2,1,1,1.0
1,1896,2,0,0,0.0
1,1897,2,0,0,0.0
1,1898,3,0,0,0.0
1,1899,2,0,0,0.0
1,1900,4,1,1/6,0.16666666666666666
1,1901,2,0,0,0.0
1,1902,2,0,0,0.0
1,1903,3,0,0,0.0
1,1904,2,0,0,0.0
1,1905,2,0,0,0.0
1,1906,3,0,0,0.0
1,1907,2,1,1,1.0
1,1908,5,1,1/10,0.1
1,1909,4,0,0,0.0
1,1910,2,0,0,0.0
1,1911,3,1,1/3,0.3333333333333333
1,1912,3,0,0,0.0
1,1913,2,0,0,0.0
1,1914,4,1,1/6,0.16666666666666666
1,1915,3,0,0,0.0
1,1916,7,2,2/21,0.09523809523809523
1,1917,2,0,0,0.0
1,1918,5,0,0,0.0
1,1919,4,0,0,0.0
1,1920,3,0,0,0.0
1,1921,3,0,0,0.0
1,1922,2,0,0,0.0
1,1923,3,0,0,0.0
1,1924,2,0,0,0.0
1,1925,2,0,0,0.0
1,1926,2,0,0,0.0
1,1927,5,1,1/10,0.1
1,1928,2,0,0,0.0
1,1929,6,1,1/15,0.06666666666666667
1,1930,3,2,2/3,0.6666666666666666
1,1931,2,0,0,0.0
1,1932,2,0,0,0.0
1,1933,6,1,1/15,0.06666666666666667
1,1934,4,1,1/6,0.16666666666666666
1,1935,3,1,1/3,0.3333333333333333
1,1936,2,0,0,0.0
1,1937,2,1,1,1.0
1,1938,2,1,1,1.0
1,1939,4,1,1/6,0.16666666666666666
1,1940,2,0,0,0.0
1,1941,3,0,0,0.0
1,1942,2,0,0,0.0
1,1943,3,0,0,0.0
1,1944,2,0,0,0.0
1,1945,3,1,1/3,0.3333333333333333
1,1946,2,0,0,0.0
1,1947,2,0,0,0.0
1,1948,2,0,0,0.0
1,1949,3,1,1/3,0.3333333333333333
1,1950,7,2,2/21,0.09523809523809523
1,1951,2,0,0,0.0
1,1952,3,0,0,0.0
1,1953,7,1,1/21,0.047619047619047616
1,1954,2,0,0,0.0
1,1955,3,1,1/3,0.3333333333333333
1,1956,2,0,0,0.0
1,1957,4,0,0,0.0
1,1958,2,0,0,0.0
1,1959,2,0,0,0.0
1,1960,2,1,1,1.0
1,1961,2,1,1,1.0
1,1962,3,0,0,0.0
1,1963,2,0,0,0.0
1,1964,16,7,7/120,0.058333333333333334
1,1965,7,0,0,0.0
1,1966,3,0,0,0.0
1,1967,3,1,1/3,0.3333333333333333
1,1968,2,0,0,0.0
1,1969,3,0,0,0.0
1,1970,3,1,1/3,0.3333333333333333
1,1971,5,0,0,0.0
1,1972,3,0,0,0.0
1,1973,3,0,0,0.0
1,1974,12,5,5/66,0.07575757575757576
1,1975,3,0,0,0.0
1,1976,3,1,1/3,0.3333333333333333
1,1977,3,0,0,0.0
1,1978,2,0,0,0.0
1,1979,5,1,1/10,0.1
1,1980,5,1,1/10,0.1
1,1981,4,1,1/6,0.16666666666666666
1,1982,2,0,0,0.0
1,1983,4,0,0,0.0
1,1984,5,0,0,0.0
1,1985,2,0,0,0.0
1,1986,5,0,0,0.0
1,1987,2,0,0,0.0
1,1988,2,1,1,1.0
1,1989,3,1,1/3,0.3333333333333333
1,1990,2,0,0,0.0
1,1991,3,2,2/3,0.6666666666666666
1,1992,6,2,2/15,0.13333333333333333
1,1993,4,1,1/6,0.16666666666666666
1,1994,2,0,0,0.0
1,1995,3,0,0,0.0
1,1996,3,2,2/3,0.6666666666666666
1,1997,3,1,1/3,0.3333333333333333
1,1998,2,0,0,0.0
1,1999,2,0,0,0.0
2,121,2,1,1,1.0
2,128,2,1,1,1.0
2,1767,2,1,1,1.0
