community_id,nodes,mean_onset_rate,median_onset_rate,mean_bpm,median_bpm
1,210,3.6824046038445712,3.68724727631,97.3539674668138,97.85704422
2,167,3.874213645915036,3.8748421669,161.17005002138322,161.687759399
3,152,2.7598076766652895,2.83430957794,112.02936674420657,110.858074188
4,141,4.286758296033332,4.32299661636,127.17412702412695,128.003356934
5,140,1.4249314856850284,1.308992624285,128.8805435180693,129.181388855
6,130,3.6205713675570768,3.59313726425,134.65998153686922,136.28390502899998
7,127,4.584038190016141,4.67973852158,106.95297103042836,106.592422485
8,117,4.6903948824628205,4.73203849792,135.80008501886326,135.160293579
9,114,1.9124081956316132,1.889864742755,101.96742817393509,99.87850189205
10,111,1.91644316354618,1.93738281727,151.99686672448195,154.498397827
11,108,5.89116213498287,5.850391864775,121.37251613756482,120.023937225
12,101,2.2653584152753363,2.37473368645,116.49151467804258,119.952629089
13,99,3.704757538708182,3.7986638546,121.82862892531213,120.016235352
14,99,4.609562637830304,4.65749502182,94.5256253637192,94.190612793
15,93,3.9222025627725805,3.95177006721,125.40858303606126,120.089408875
16,91,1.7642091645932119,1.6293336153,125.50007964752749,122.715660095
