community_id,e5_domain_1,e5_domain_2,share_in_domain_1,share_in_domain_2
1,191,19,0.9095238095238095,0.09047619047619047
2,82,85,0.49101796407185627,0.5089820359281437
3,3,149,0.019736842105263157,0.9802631578947368
4,139,2,0.9858156028368794,0.014184397163120567
5,2,138,0.014285714285714285,0.9857142857142858
6,45,85,0.34615384615384615,0.6538461538461539
7,116,11,0.9133858267716536,0.08661417322834646
8,116,1,0.9914529914529915,0.008547008547008548
9,1,113,0.008771929824561403,0.9912280701754386
10,0,111,0.0,1.0
11,108,0,1.0,0.0
12,11,90,0.10891089108910891,0.8910891089108911
13,90,9,0.9090909090909091,0.09090909090909091
14,99,0,1.0,0.0
15,66,27,0.7096774193548387,0.2903225806451613
16,14,77,0.15384615384615385,0.8461538461538461
