domain_id,feature,raw_mean
1,mfcc.mean.00,-757.3345967730995
1,mfcc.mean.01,177.12766101867334
1,mfcc.mean.02,4.7882364310171575
1,mfcc.mean.03,11.131337865044507
1,mfcc.mean.04,-1.404799992527653
1,mfcc.mean.05,-2.7035025053150155
1,mfcc.mean.06,-5.418277136141194
1,mfcc.mean.07,-2.837970470864989
1,mfcc.mean.08,-4.661418971274499
1,mfcc.mean.09,-2.2214162298735656
1,mfcc.mean.10,-3.2949496921120587
1,mfcc.mean.11,-1.9574836642320346
1,mfcc.mean.12,-1.6829303118639496
1,mfcc.std.00,99.64224681150918
1,mfcc.std.01,46.02621346552066
1,mfcc.std.02,29.685583871063127
1,mfcc.std.03,20.37655672422612
1,mfcc.std.04,16.677833848399995
1,mfcc.std.05,14.731411525359944
1,mfcc.std.06,13.578694207267928
1,mfcc.std.07,12.603945014012893
1,mfcc.std.08,12.190145694755925
1,mfcc.std.09,11.68492312800101
1,mfcc.std.10,11.340271333597604
1,mfcc.std.11,11.111079131912668
1,mfcc.std.12,10.81249591466806
1,hpcp.mean.00,0.19851781451537628
1,hpcp.mean.01,0.12985608242348176
1,hpcp.mean.02,0.07712860159555429
1,hpcp.mean.03,0.09474130120341341
1,hpcp.mean.04,0.07332316754093535
1,hpcp.mean.05,0.09480411242984642
1,hpcp.mean.06,0.15001866684984563
1,hpcp.mean.07,0.11566214236918647
1,hpcp.mean.08,0.13307902204408473
1,hpcp.mean.09,0.19097866903572322
1,hpcp.mean.10,0.12126248036003517
1,hpcp.mean.11,0.07068823027187097
1,hpcp.mean.12,0.08959249603600138
1,hpcp.mean.13,0.07271319397184234
1,hpcp.mean.14,0.11652450604939475
1,hpcp.mean.15,0.19227271076838187
1,hpcp.mean.16,0.13578113761324745
1,hpcp.mean.17,0.07850388594882589
1,hpcp.mean.18,0.0880783386979654
1,hpcp.mean.19,0.06910877392576863
1,hpcp.mean.20,0.11623432886184677
1,hpcp.mean.21,0.18801926643948932
1,hpcp.mean.22,0.1347035052791092
1,hpcp.mean.23,0.12554851206196094
1,hpcp.mean.24,0.16554708364435955
1,hpcp.mean.25,0.1002766011035996
1,hpcp.mean.26,0.07358931349924887
1,hpcp.mean.27,0.10232397248341377
1,hpcp.mean.28,0.08056655976415115
1,hpcp.mean.29,0.1253055262417557
1,hpcp.mean.30,0.1929055820680916
1,hpcp.mean.31,0.12651849517835925
1,hpcp.mean.32,0.07516291995823209
1,hpcp.mean.33,0.09184998863430033
1,hpcp.mean.34,0.08011588846041678
1,hpcp.mean.35,0.13295992009094812
1,hpcp.std.00,0.2738984118269453
1,hpcp.std.01,0.191274095308005
1,hpcp.std.02,0.1408834990405177
1,hpcp.std.03,0.1753344122963386
1,hpcp.std.04,0.14223997535424565
1,hpcp.std.05,0.15552548461675464
1,hpcp.std.06,0.22883125044007072
1,hpcp.std.07,0.17745139516464545
1,hpcp.std.08,0.19270487462139652
1,hpcp.std.09,0.2646107764617738
1,hpcp.std.10,0.18055187913146786
1,hpcp.std.11,0.13111400239652027
1,hpcp.std.12,0.16324903290863071
1,hpcp.std.13,0.13529289293119037
1,hpcp.std.14,0.17315032934206398
1,hpcp.std.15,0.2659144017855146
1,hpcp.std.16,0.19831648954718523
1,hpcp.std.17,0.14260875670847914
1,hpcp.std.18,0.1652464318553966
1,hpcp.std.19,0.1321849778878312
1,hpcp.std.20,0.17343574836581707
1,hpcp.std.21,0.2580745707558099
1,hpcp.std.22,0.1903504152316955
1,hpcp.std.23,0.19132925272950696
1,hpcp.std.24,0.2516196131130081
1,hpcp.std.25,0.16071984941344175
1,hpcp.std.26,0.13353205261880677
1,hpcp.std.27,0.17729370202681105
1,hpcp.std.28,0.14242359925347267
1,hpcp.std.29,0.18619938312919976
1,hpcp.std.30,0.2695125518294763
1,hpcp.std.31,0.18840356663975413
1,hpcp.std.32,0.1404457293798291
1,hpcp.std.33,0.17165500948754936
1,hpcp.std.34,0.14977667239219825
1,hpcp.std.35,0.1968739545631623
1,rhythm.bpm,127.95238608485299
1,rhythm.onset_rate,2.414225518113838
2,mfcc.mean.00,-696.3647148952629
2,mfcc.mean.01,133.86580498948857
2,mfcc.mean.02,17.353993257907476
2,mfcc.mean.03,23.949804390608872
2,mfcc.mean.04,6.908999493349887
2,mfcc.mean.05,8.058589555252487
2,mfcc.mean.06,2.2983679560946437
2,mfcc.mean.07,4.473995474203365
2,mfcc.mean.08,1.3818818252139826
2,mfcc.mean.09,2.4633204405505085
2,mfcc.mean.10,0.2665879592659236
2,mfcc.mean.11,0.9677210548253695
2,mfcc.mean.12,0.39384036977489306
2,mfcc.std.00,104.27694982630717
2,mfcc.std.01,46.399023029178124
2,mfcc.std.02,31.01437199389312
2,mfcc.std.03,21.5397198198899
2,mfcc.std.04,17.609660606271703
2,mfcc.std.05,15.73560819135812
2,mfcc.std.06,14.143473100303693
2,mfcc.std.07,12.938905025427616
2,mfcc.std.08,12.116632753215878
2,mfcc.std.09,11.453770531545661
2,mfcc.std.10,10.843845785340903
2,mfcc.std.11,10.410391527655753
2,mfcc.std.12,10.069569301368354
2,hpcp.mean.00,0.16936460620693014
2,hpcp.mean.01,0.1464776486988656
2,hpcp.mean.02,0.09899826744442963
2,hpcp.mean.03,0.10381385824938409
2,hpcp.mean.04,0.09695496720178971
2,hpcp.mean.05,0.08963782716311348
2,hpcp.mean.06,0.11668463811443719
2,hpcp.mean.07,0.11587947948941948
2,hpcp.mean.08,0.1183404533408054
2,hpcp.mean.09,0.1617534551906546
2,hpcp.mean.10,0.14208716429197157
2,hpcp.mean.11,0.09231244617861419
2,hpcp.mean.12,0.09202060013779509
2,hpcp.mean.13,0.0862710684238912
2,hpcp.mean.14,0.09173957571815872
2,hpcp.mean.15,0.13853889787059748
2,hpcp.mean.16,0.13760899703073468
2,hpcp.mean.17,0.1011686992376239
2,hpcp.mean.18,0.09803267630949754
2,hpcp.mean.19,0.084662140925137
2,hpcp.mean.20,0.0850900361634674
2,hpcp.mean.21,0.12460374335747215
2,hpcp.mean.22,0.12190930051427054
2,hpcp.mean.23,0.1564352520869917
2,hpcp.mean.24,0.21831323796105145
2,hpcp.mean.25,0.14595976031176172
2,hpcp.mean.26,0.07336426359076255
2,hpcp.mean.27,0.08612209730204548
2,hpcp.mean.28,0.08427147081043787
2,hpcp.mean.29,0.09839142452307906
2,hpcp.mean.30,0.1531603754999666
2,hpcp.mean.31,0.14454634321293502
2,hpcp.mean.32,0.10197281619249723
2,hpcp.mean.33,0.10671392253304042
2,hpcp.mean.34,0.10833636980502795
2,hpcp.mean.35,0.12496177133119185
2,hpcp.std.00,0.2556575911927047
2,hpcp.std.01,0.22863834078145437
2,hpcp.std.02,0.18125675664979227
2,hpcp.std.03,0.1966155055071869
2,hpcp.std.04,0.18739447992781924
2,hpcp.std.05,0.17099456485911876
2,hpcp.std.06,0.20593946206980027
2,hpcp.std.07,0.20483605722298512
2,hpcp.std.08,0.19758997622496058
2,hpcp.std.09,0.24793829086904684
2,hpcp.std.10,0.22528332984377517
2,hpcp.std.11,0.17248570147664788
2,hpcp.std.12,0.17908745203293683
2,hpcp.std.13,0.16886966217006363
2,hpcp.std.14,0.16641898193371116
2,hpcp.std.15,0.22225953365672738
2,hpcp.std.16,0.22241542490802907
2,hpcp.std.17,0.18107639338296616
2,hpcp.std.18,0.18521883047218082
2,hpcp.std.19,0.1669209949693748
2,hpcp.std.20,0.1583539526892416
2,hpcp.std.21,0.20669336764755994
2,hpcp.std.22,0.20295153756708745
2,hpcp.std.23,0.2180785565995677
2,hpcp.std.24,0.30267064008511047
2,hpcp.std.25,0.20900346147639406
2,hpcp.std.26,0.14843129099182592
2,hpcp.std.27,0.16956409484029783
2,hpcp.std.28,0.1651964641086149
2,hpcp.std.29,0.17177924327229377
2,hpcp.std.30,0.23959530188215447
2,hpcp.std.31,0.22991694908820995
2,hpcp.std.32,0.18500206329841767
2,hpcp.std.33,0.20082125003484935
2,hpcp.std.34,0.2023952485935495
2,hpcp.std.35,0.20985794834046673
2,rhythm.bpm,117.10865013788477
2,rhythm.onset_rate,4.504587626602248
