domain_id,tag,labeled_in_domain,hits,domain_fraction,component_fraction,lift
1,60s,1000,3,0.003,0.00456158134820071,0.6576666666666666
1,70s,1000,2,0.002,0.005575266092245312,0.35872727272727273
1,80s,1000,4,0.004,0.00506842372022301,0.7892
1,90s,1000,2,0.002,0.006588950836289914,0.30353846153846153
1,acidjazz,1000,0,0.0,0.002534211860111505,0.0
1,african,1000,2,0.002,0.0020273694880892043,0.9865
1,alternative,1000,37,0.037,0.04358844399391789,0.8488488372093023
1,alternativerock,1000,2,0.002,0.002534211860111505,0.7892
1,ambient,1000,231,0.231,0.17435377597567156,1.3248924418604653
1,atmospheric,1000,52,0.052,0.03649265078560568,1.4249444444444443
1,blues,1000,10,0.01,0.01469842878864673,0.680344827586207
1,bluesrock,1000,0,0.0,0.0005068423720223011,0.0
1,bossanova,1000,3,0.003,0.00456158134820071,0.6576666666666666
1,breakbeat,1000,2,0.002,0.005575266092245312,0.35872727272727273
1,celtic,1000,6,0.006,0.00456158134820071,1.3153333333333332
1,chanson,1000,1,0.001,0.0020273694880892043,0.49325
1,chillout,1000,68,0.068,0.07805372529143437,0.8711948051948052
1,choir,1000,7,0.007,0.00456158134820071,1.5345555555555555
1,classical,1000,238,0.238,0.13177901672579828,1.806053846153846
1,classicrock,1000,7,0.007,0.006082108464267613,1.1509166666666666
1,club,1000,1,0.001,0.013684744044602128,0.07307407407407408
1,contemporary,1000,6,0.006,0.0030410542321338066,1.9729999999999999
1,country,1000,9,0.009,0.01013684744044602,0.8878499999999999
1,dance,1000,7,0.007,0.05321844906234161,0.13153333333333334
1,darkambient,1000,11,0.011,0.00963000506842372,1.1422631578947369
1,darkwave,1000,4,0.004,0.0030410542321338066,1.3153333333333332
1,deephouse,1000,0,0.0,0.0040547389761784085,0.0
1,disco,1000,1,0.001,0.010643689812468323,0.09395238095238095
1,downtempo,1000,10,0.01,0.017739483020780537,0.5637142857142857
1,drumnbass,1000,0,0.0,0.005575266092245312,0.0
1,dub,1000,2,0.002,0.00506842372022301,0.3946
1,dubstep,1000,4,0.004,0.006082108464267613,0.6576666666666666
1,easylistening,1000,120,0.12,0.11708058793715155,1.0249350649350648
1,edm,1000,3,0.003,0.00506842372022301,0.5919000000000001
1,electronic,1000,164,0.164,0.24987328940699444,0.6563326572008114
1,electronica,1000,3,0.003,0.005575266092245312,0.5380909090909091
1,electropop,1000,6,0.006,0.02483527622909275,0.2415918367346939
1,ethnicrock,1000,1,0.001,0.0015205271160669033,0.6576666666666666
1,ethno,1000,5,0.005,0.006588950836289914,0.7588461538461538
1,eurodance,1000,1,0.001,0.00506842372022301,0.1973
1,experimental,1000,78,0.078,0.07298530157121136,1.0687083333333331
1,folk,1000,67,0.067,0.06132792701469843,1.0924876033057853
1,funk,1000,6,0.006,0.01875316776482514,0.31994594594594594
1,fusion,1000,0,0.0,0.006082108464267613,0.0
1,gothic,1000,7,0.007,0.00456158134820071,1.5345555555555555
1,groove,1000,6,0.006,0.006588950836289914,0.9106153846153846
1,grunge,1000,10,0.01,0.007602635580334516,1.3153333333333335
1,hard,1000,1,0.001,0.005575266092245312,0.17936363636363636
1,hardrock,1000,8,0.008,0.005575266092245312,1.434909090909091
1,heavymetal,1000,0,0.0,0.002534211860111505,0.0
1,hiphop,1000,6,0.006,0.03243791180942727,0.18496875000000002
1,house,1000,1,0.001,0.03750633552965028,0.026662162162162165
1,idm,1000,3,0.003,0.0035478966041561076,0.8455714285714285
1,improvisation,1000,8,0.008,0.006588950836289914,1.2141538461538461
1,indie,1000,37,0.037,0.0491637100861632,0.7525876288659794
1,industrial,1000,8,0.008,0.015712113532691332,0.5091612903225807
1,instrumentalpop,1000,12,0.012,0.00963000506842372,1.2461052631578948
1,instrumentalrock,1000,8,0.008,0.007602635580334516,1.0522666666666667
1,jazz,1000,35,0.035,0.036999493157627975,0.9459589041095892
1,jazzfunk,1000,0,0.0,0.0015205271160669033,0.0
1,jazzfusion,1000,4,0.004,0.0035478966041561076,1.1274285714285714
1,latin,1000,7,0.007,0.012671059300557527,0.55244
1,lounge,1000,22,0.022,0.035478966041561075,0.6200857142857142
1,medieval,1000,3,0.003,0.0020273694880892043,1.4797500000000001
1,metal,1000,15,0.015,0.01824632539280284,0.8220833333333333
1,minimal,1000,11,0.011,0.010643689812468323,1.0334761904761904
1,newage,1000,100,0.1,0.06994424733907754,1.4297101449275365
1,newwave,1000,1,0.001,0.0010136847440446021,0.9865
1,orchestral,1000,145,0.145,0.08869741510390268,1.6347714285714285
1,oriental,1000,3,0.003,0.0030410542321338066,0.9864999999999999
1,pop,1000,103,0.103,0.15661429295489102,0.6576666666666667
1,popfolk,1000,41,0.041,0.04156107450582869,0.9865
1,poprock,1000,31,0.031,0.041054232133806386,0.7550987654320988
1,postrock,1000,4,0.004,0.0030410542321338066,1.3153333333333332
1,progressive,1000,17,0.017,0.021794221996958945,0.7800232558139536
1,psychedelic,1000,14,0.014,0.01469842878864673,0.9524827586206897
1,punkrock,1000,6,0.006,0.007602635580334516,0.7892
1,rap,1000,1,0.001,0.011150532184490624,0.08968181818181818
1,reggae,1000,2,0.002,0.007602635580334516,0.26306666666666667
1,rnb,1000,2,0.002,0.005575266092245312,0.35872727272727273
1,rock,1000,72,0.072,0.0927521540800811,0.7762622950819671
1,rocknroll,1000,2,0.002,0.0040547389761784085,0.49325
1,singersongwriter,1000,31,0.031,0.021794221996958945,1.4223953488372094
1,ska,1000,0,0.0,0.0015205271160669033,0.0
1,soul,1000,3,0.003,0.002534211860111505,1.1838000000000002
1,soundtrack,1000,355,0.355,0.26254434870755194,1.3521525096525095
1,swing,1000,1,0.001,0.0020273694880892043,0.49325
1,symphonic,1000,40,0.04,0.02483527622909275,1.6106122448979592
1,synthpop,1000,7,0.007,0.013684744044602128,0.5115185185185186
1,techno,1000,4,0.004,0.027369488089204256,0.14614814814814817
1,trance,1000,6,0.006,0.024328433857070453,0.24662499999999998
1,tribal,1000,2,0.002,0.007602635580334516,0.26306666666666667
1,triphop,1000,9,0.009,0.017232640648758235,0.522264705882353
1,world,1000,35,0.035,0.030410542321338063,1.1509166666666668
1,worldfusion,1000,0,0.0,0.002534211860111505,0.0
2,60s,973,6,0.006166495375128468,0.00456158134820071,1.3518328194587186
2,70s,973,9,0.009249743062692703,0.005575266092245312,1.6590675511538822
2,80s,973,6,0.006166495375128468,0.00506842372022301,1.2166495375128468
2,90s,973,11,0.011305241521068859,0.006588950836289914,1.7157878093129892
2,acidjazz,973,5,0.0051387461459403904,0.002534211860111505,2.0277492291880783
2,african,973,2,0.0020554984583761563,0.0020273694880892043,1.0138746145940392
2,alternative,973,49,0.050359712230215826,0.04358844399391789,1.1553454910490213
2,alternativerock,973,3,0.003083247687564234,0.002534211860111505,1.2166495375128468
2,ambient,973,113,0.11613566289825282,0.17435377597567156,0.6660920433088745
2,atmospheric,973,20,0.020554984583761562,0.03649265078560568,0.563263674774466
2,blues,973,19,0.019527235354573486,0.01469842878864673,1.3285253570542581
2,bluesrock,973,1,0.0010277492291880781,0.0005068423720223011,2.0277492291880783
2,bossanova,973,6,0.006166495375128468,0.00456158134820071,1.3518328194587186
2,breakbeat,973,9,0.009249743062692703,0.005575266092245312,1.6590675511538822
2,celtic,973,3,0.003083247687564234,0.00456158134820071,0.6759164097293593
2,chanson,973,3,0.003083247687564234,0.0020273694880892043,1.5208119218910585
2,chillout,973,86,0.08838643371017471,0.07805372529143437,1.132379439676459
2,choir,973,2,0.0020554984583761563,0.00456158134820071,0.4506109398195729
2,classical,973,22,0.022610483042137718,0.13177901672579828,0.1715787809312989
2,classicrock,973,5,0.0051387461459403904,0.006082108464267613,0.8448955121616991
2,club,973,26,0.02672147995889003,0.013684744044602128,1.952647405884816
2,contemporary,973,0,0.0,0.0030410542321338066,0.0
2,country,973,11,0.011305241521068859,0.01013684744044602,1.115262076053443
2,dance,973,98,0.10071942446043165,0.05321844906234161,1.8925659472422063
2,darkambient,973,8,0.008221993833504625,0.00963000506842372,0.8537891491318224
2,darkwave,973,2,0.0020554984583761563,0.0030410542321338066,0.6759164097293593
2,deephouse,973,8,0.008221993833504625,0.0040547389761784085,2.0277492291880783
2,disco,973,20,0.020554984583761562,0.010643689812468323,1.9311897420838837
2,downtempo,973,25,0.025693730729701953,0.017739483020780537,1.448392306562913
2,drumnbass,973,11,0.011305241521068859,0.005575266092245312,2.027749229188078
2,dub,973,8,0.008221993833504625,0.00506842372022301,1.6221993833504627
2,dubstep,973,8,0.008221993833504625,0.006082108464267613,1.3518328194587186
2,easylistening,973,111,0.11408016443987667,0.11708058793715155,0.9743730062332323
2,edm,973,7,0.007194244604316547,0.00506842372022301,1.4194244604316548
2,electronic,973,329,0.3381294964028777,0.24987328940699444,1.353203846658981
2,electronica,973,8,0.008221993833504625,0.005575266092245312,1.4747267121367842
2,electropop,973,43,0.044193216855087356,0.02483527622909275,1.7794534052058644
2,ethnicrock,973,2,0.0020554984583761563,0.0015205271160669033,1.3518328194587186
2,ethno,973,8,0.008221993833504625,0.006588950836289914,1.2478456795003559
2,eurodance,973,9,0.009249743062692703,0.00506842372022301,1.8249743062692705
2,experimental,973,66,0.06783144912641316,0.07298530157121136,0.9293850633778691
2,folk,973,54,0.05549845837615622,0.06132792701469843,0.9049459369930266
2,funk,973,31,0.03186022610483042,0.01875316776482514,1.6989250298602816
2,fusion,973,12,0.012332990750256937,0.006082108464267613,2.027749229188078
2,gothic,973,2,0.0020554984583761563,0.00456158134820071,0.4506109398195729
2,groove,973,7,0.007194244604316547,0.006588950836289914,1.0918649695628113
2,grunge,973,5,0.0051387461459403904,0.007602635580334516,0.6759164097293594
2,hard,973,10,0.010277492291880781,0.005575266092245312,1.8434083901709801
2,hardrock,973,3,0.003083247687564234,0.005575266092245312,0.553022517051294
2,heavymetal,973,5,0.0051387461459403904,0.002534211860111505,2.0277492291880783
2,hiphop,973,58,0.05960945529290853,0.03243791180942727,1.8376477389516959
2,house,973,73,0.0750256937307297,0.03750633552965028,2.0003472125774286
2,idm,973,4,0.0041109969167523125,0.0035478966041561076,1.1587138452503303
2,improvisation,973,5,0.0051387461459403904,0.006588950836289914,0.7799035496877224
2,indie,973,60,0.06166495375128469,0.0491637100861632,1.2542778737245845
2,industrial,973,23,0.023638232271325797,0.015712113532691332,1.5044591055266388
2,instrumentalpop,973,7,0.007194244604316547,0.00963000506842372,0.7470655054903446
2,instrumentalrock,973,7,0.007194244604316547,0.007602635580334516,0.9462829736211033
2,jazz,973,38,0.03905447070914697,0.036999493157627975,1.055540694645849
2,jazzfunk,973,3,0.003083247687564234,0.0015205271160669033,2.027749229188078
2,jazzfusion,973,3,0.003083247687564234,0.0035478966041561076,0.8690353839377477
2,latin,973,18,0.018499486125385406,0.012671059300557527,1.4599794450154162
2,lounge,973,48,0.04933196300102775,0.035478966041561075,1.3904566143003962
2,medieval,973,1,0.0010277492291880781,0.0020273694880892043,0.5069373072970196
2,metal,973,21,0.02158273381294964,0.01824632539280284,1.1828537170263789
2,minimal,973,10,0.010277492291880781,0.010643689812468323,0.9655948710419419
2,newage,973,38,0.03905447070914697,0.06994424733907754,0.5583657297764274
2,newwave,973,1,0.0010277492291880781,0.0010136847440446021,1.0138746145940392
2,orchestral,973,30,0.030832476875642344,0.08869741510390268,0.3476141535750991
2,oriental,973,3,0.003083247687564234,0.0030410542321338066,1.013874614594039
2,pop,973,206,0.2117163412127441,0.15661429295489102,1.351832819458719
2,popfolk,973,41,0.0421377183967112,0.04156107450582869,1.0138746145940392
2,poprock,973,50,0.051387461459403906,0.041054232133806386,1.2516970550543693
2,postrock,973,2,0.0020554984583761563,0.0030410542321338066,0.6759164097293593
2,progressive,973,26,0.02672147995889003,0.021794221996958945,1.2260809292765122
2,psychedelic,973,15,0.015416238437821172,0.01469842878864673,1.04883580820073
2,punkrock,973,9,0.009249743062692703,0.007602635580334516,1.216649537512847
2,rap,973,21,0.02158273381294964,0.011150532184490624,1.9355788096795292
2,reggae,973,13,0.013360739979445015,0.007602635580334516,1.7573826652963342
2,rnb,973,9,0.009249743062692703,0.005575266092245312,1.6590675511538822
2,rock,973,111,0.11408016443987667,0.0927521540800811,1.2299462537698178
2,rocknroll,973,6,0.006166495375128468,0.0040547389761784085,1.5208119218910585
2,singersongwriter,973,12,0.012332990750256937,0.021794221996958945,0.5658835058199287
2,ska,973,3,0.003083247687564234,0.0015205271160669033,2.027749229188078
2,soul,973,2,0.0020554984583761563,0.002534211860111505,0.8110996916752313
2,soundtrack,973,163,0.16752312435765673,0.26254434870755194,0.638075529647986
2,swing,973,3,0.003083247687564234,0.0020273694880892043,1.5208119218910585
2,symphonic,973,9,0.009249743062692703,0.02483527622909275,0.3724437359733205
2,synthpop,973,20,0.020554984583761562,0.013684744044602128,1.502036466065243
2,techno,973,50,0.051387461459403906,0.027369488089204256,1.877545582581554
2,trance,973,42,0.04316546762589928,0.024328433857070453,1.7742805755395683
2,tribal,973,13,0.013360739979445015,0.007602635580334516,1.7573826652963342
2,triphop,973,25,0.025693730729701953,0.017232640648758235,1.4909920802853516
2,world,973,25,0.025693730729701953,0.030410542321338063,0.8448955121616992
2,worldfusion,973,5,0.0051387461459403904,0.002534211860111505,2.0277492291880783
