community_id,genre,genre_labeled_nodes,hits,fraction,whole_labeled_sample_fraction,lift
1,60s,586,0,0.0,0.00456158134820071,0.0
1,70s,586,1,0.0017064846416382253,0.005575266092245312,0.30608129072292894
1,80s,586,0,0.0,0.00506842372022301,0.0
1,90s,586,0,0.0,0.006588950836289914,0.0
1,acidjazz,586,0,0.0,0.002534211860111505,0.0
1,african,586,1,0.0017064846416382253,0.0020273694880892043,0.8417235494880546
1,alternative,586,16,0.027303754266211604,0.04358844399391789,0.62639892054925
1,alternativerock,586,0,0.0,0.002534211860111505,0.0
1,ambient,586,171,0.29180887372013653,0.17435377597567156,1.6736596158425272
1,atmospheric,586,39,0.06655290102389079,0.03649265078560568,1.8237343572241183
1,blues,586,5,0.008532423208191127,0.01469842878864673,0.5804989996469342
1,bluesrock,586,0,0.0,0.0005068423720223011,0.0
1,bossanova,586,0,0.0,0.00456158134820071,0.0
1,breakbeat,586,0,0.0,0.005575266092245312,0.0
1,celtic,586,3,0.005119453924914676,0.00456158134820071,1.1222980659840727
1,chanson,586,1,0.0017064846416382253,0.0020273694880892043,0.8417235494880546
1,chillout,586,39,0.06655290102389079,0.07805372529143437,0.8526550241567307
1,choir,586,6,0.010238907849829351,0.00456158134820071,2.2445961319681453
1,classical,586,190,0.3242320819112628,0.13177901672579828,2.460422683118929
1,classicrock,586,2,0.0034129692832764505,0.006082108464267613,0.5611490329920363
1,club,586,0,0.0,0.013684744044602128,0.0
1,contemporary,586,4,0.006825938566552901,0.0030410542321338066,2.2445961319681453
1,country,586,2,0.0034129692832764505,0.01013684744044602,0.3366894197952219
1,dance,586,1,0.0017064846416382253,0.05321844906234161,0.03206565902811637
1,darkambient,586,10,0.017064846416382253,0.00963000506842372,1.7720495778695886
1,darkwave,586,4,0.006825938566552901,0.0030410542321338066,2.2445961319681453
1,deephouse,586,0,0.0,0.0040547389761784085,0.0
1,disco,586,0,0.0,0.010643689812468323,0.0
1,downtempo,586,4,0.006825938566552901,0.017739483020780537,0.3847879083373964
1,drumnbass,586,0,0.0,0.005575266092245312,0.0
1,dub,586,0,0.0,0.00506842372022301,0.0
1,dubstep,586,0,0.0,0.006082108464267613,0.0
1,easylistening,586,78,0.13310580204778158,0.11708058793715155,1.1368733655423076
1,edm,586,1,0.0017064846416382253,0.00506842372022301,0.3366894197952219
1,electronic,586,93,0.15870307167235495,0.24987328940699444,0.6351341996137044
1,electronica,586,0,0.0,0.005575266092245312,0.0
1,electropop,586,1,0.0017064846416382253,0.02483527622909275,0.06871212648882079
1,ethnicrock,586,1,0.0017064846416382253,0.0015205271160669033,1.1222980659840727
1,ethno,586,2,0.0034129692832764505,0.006588950836289914,0.5179837227618798
1,eurodance,586,0,0.0,0.00506842372022301,0.0
1,experimental,586,53,0.09044368600682594,0.07298530157121136,1.2392041145240802
1,folk,586,34,0.05802047781569966,0.06132792701469843,0.9460694440526896
1,funk,586,0,0.0,0.01875316776482514,0.0
1,fusion,586,0,0.0,0.006082108464267613,0.0
1,gothic,586,4,0.006825938566552901,0.00456158134820071,1.496397421312097
1,groove,586,2,0.0034129692832764505,0.006588950836289914,0.5179837227618798
1,grunge,586,1,0.0017064846416382253,0.007602635580334516,0.22445961319681457
1,hard,586,0,0.0,0.005575266092245312,0.0
1,hardrock,586,0,0.0,0.005575266092245312,0.0
1,heavymetal,586,0,0.0,0.002534211860111505,0.0
1,hiphop,586,1,0.0017064846416382253,0.03243791180942727,0.05260772184300341
1,house,586,0,0.0,0.03750633552965028,0.0
1,idm,586,0,0.0,0.0035478966041561076,0.0
1,improvisation,586,6,0.010238907849829351,0.006588950836289914,1.5539511682856393
1,indie,586,7,0.011945392491467578,0.0491637100861632,0.24297174624397455
1,industrial,586,3,0.005119453924914676,0.015712113532691332,0.32582847076956956
1,instrumentalpop,586,8,0.013651877133105802,0.00963000506842372,1.4176396622956708
1,instrumentalrock,586,1,0.0017064846416382253,0.007602635580334516,0.22445961319681457
1,jazz,586,14,0.023890784982935155,0.036999493157627975,0.6457057365935762
1,jazzfunk,586,0,0.0,0.0015205271160669033,0.0
1,jazzfusion,586,1,0.0017064846416382253,0.0035478966041561076,0.4809848854217455
1,latin,586,1,0.0017064846416382253,0.012671059300557527,0.13467576791808875
1,lounge,586,12,0.020477815699658702,0.035478966041561075,0.5771818625060946
1,medieval,586,2,0.0034129692832764505,0.0020273694880892043,1.6834470989761092
1,metal,586,1,0.0017064846416382253,0.01824632539280284,0.09352483883200606
1,minimal,586,8,0.013651877133105802,0.010643689812468323,1.2826263611246547
1,newage,586,77,0.13139931740614336,0.06994424733907754,1.8786293713211655
1,newwave,586,0,0.0,0.0010136847440446021,0.0
1,orchestral,586,93,0.15870307167235495,0.08869741510390268,1.7892637737688935
1,oriental,586,2,0.0034129692832764505,0.0030410542321338066,1.1222980659840727
1,pop,586,32,0.05460750853242321,0.15661429295489102,0.3486751272960227
1,popfolk,586,24,0.040955631399317405,0.04156107450582869,0.9854324481811371
1,poprock,586,4,0.006825938566552901,0.041054232133806386,0.16626638014578857
1,postrock,586,2,0.0034129692832764505,0.0030410542321338066,1.1222980659840727
1,progressive,586,6,0.010238907849829351,0.021794221996958945,0.46979919041193746
1,psychedelic,586,6,0.010238907849829351,0.01469842878864673,0.6965987995763211
1,punkrock,586,0,0.0,0.007602635580334516,0.0
1,rap,586,0,0.0,0.011150532184490624,0.0
1,reggae,586,0,0.0,0.007602635580334516,0.0
1,rnb,586,0,0.0,0.005575266092245312,0.0
1,rock,586,11,0.01877133105802048,0.0927521540800811,0.2023816184561443
1,rocknroll,586,0,0.0,0.0040547389761784085,0.0
1,singersongwriter,586,16,0.027303754266211604,0.021794221996958945,1.2527978410985
1,ska,586,0,0.0,0.0015205271160669033,0.0
1,soul,586,0,0.0,0.002534211860111505,0.0
1,soundtrack,586,221,0.3771331058020478,0.26254434870755194,1.4364548605162941
1,swing,586,0,0.0,0.0020273694880892043,0.0
1,symphonic,586,33,0.05631399317406143,0.02483527622909275,2.267500174131086
1,synthpop,586,2,0.0034129692832764505,0.013684744044602128,0.24939957021868286
1,techno,586,0,0.0,0.027369488089204256,0.0
1,trance,586,2,0.0034129692832764505,0.024328433857070453,0.14028725824800908
1,tribal,586,1,0.0017064846416382253,0.007602635580334516,0.22445961319681457
1,triphop,586,1,0.0017064846416382253,0.017232640648758235,0.09902629993977113
1,world,586,19,0.032423208191126277,0.030410542321338063,1.066183162684869
1,worldfusion,586,0,0.0,0.002534211860111505,0.0
2,60s,426,1,0.002347417840375587,0.00456158134820071,0.5146061554512259
2,70s,426,4,0.009389671361502348,0.005575266092245312,1.6841655996585574
2,80s,426,1,0.002347417840375587,0.00506842372022301,0.4631455399061033
2,90s,426,3,0.007042253521126761,0.006588950836289914,1.0687973997833153
2,acidjazz,426,2,0.004694835680751174,0.002534211860111505,1.8525821596244132
2,african,426,0,0.0,0.0020273694880892043,0.0
2,alternative,426,16,0.03755868544600939,0.04358844399391789,0.861666120755541
2,alternativerock,426,1,0.002347417840375587,0.002534211860111505,0.9262910798122066
2,ambient,426,54,0.1267605633802817,0.17435377597567156,0.7270307893874878
2,atmospheric,426,14,0.03286384976525822,0.03649265078560568,0.9005607720396452
2,blues,426,10,0.023474178403755867,0.01469842878864673,1.5970535858831147
2,bluesrock,426,0,0.0,0.0005068423720223011,0.0
2,bossanova,426,4,0.009389671361502348,0.00456158134820071,2.0584246218049036
2,breakbeat,426,1,0.002347417840375587,0.005575266092245312,0.42104139991463935
2,celtic,426,1,0.002347417840375587,0.00456158134820071,0.5146061554512259
2,chanson,426,1,0.002347417840375587,0.0020273694880892043,1.1578638497652582
2,chillout,426,44,0.10328638497652583,0.07805372529143437,1.323272971160295
2,choir,426,3,0.007042253521126761,0.00456158134820071,1.5438184663536776
2,classical,426,25,0.05868544600938967,0.13177901672579828,0.4453322499097147
2,classicrock,426,5,0.011737089201877934,0.006082108464267613,1.9297730829420967
2,club,426,1,0.002347417840375587,0.013684744044602128,0.17153538515040864
2,contemporary,426,1,0.002347417840375587,0.0030410542321338066,0.7719092331768388
2,country,426,12,0.028169014084507043,0.01013684744044602,2.77887323943662
2,dance,426,9,0.02112676056338028,0.05321844906234161,0.39698189134808853
2,darkambient,426,4,0.009389671361502348,0.00963000506842372,0.9750432419075858
2,darkwave,426,1,0.002347417840375587,0.0030410542321338066,0.7719092331768388
2,deephouse,426,1,0.002347417840375587,0.0040547389761784085,0.5789319248826291
2,disco,426,1,0.002347417840375587,0.010643689812468323,0.2205454951933825
2,downtempo,426,17,0.03990610328638498,0.017739483020780537,2.2495640509725017
2,drumnbass,426,7,0.01643192488262911,0.005575266092245312,2.947289799402476
2,dub,426,3,0.007042253521126761,0.00506842372022301,1.38943661971831
2,dubstep,426,2,0.004694835680751174,0.006082108464267613,0.7719092331768388
2,easylistening,426,51,0.11971830985915492,0.11708058793715155,1.0225291140784099
2,edm,426,1,0.002347417840375587,0.00506842372022301,0.4631455399061033
2,electronic,426,104,0.24413145539906103,0.24987328940699444,0.9770210172461408
2,electronica,426,2,0.004694835680751174,0.005575266092245312,0.8420827998292787
2,electropop,426,12,0.028169014084507043,0.02483527622909275,1.134233975280253
2,ethnicrock,426,0,0.0,0.0015205271160669033,0.0
2,ethno,426,2,0.004694835680751174,0.006588950836289914,0.7125315998555436
2,eurodance,426,0,0.0,0.00506842372022301,0.0
2,experimental,426,24,0.056338028169014086,0.07298530157121136,0.7719092331768388
2,folk,426,44,0.10328638497652583,0.06132792701469843,1.6841655996585576
2,funk,426,13,0.03051643192488263,0.01875316776482514,1.6272681131836062
2,fusion,426,7,0.01643192488262911,0.006082108464267613,2.701682316118936
2,gothic,426,3,0.007042253521126761,0.00456158134820071,1.5438184663536776
2,groove,426,6,0.014084507042253521,0.006588950836289914,2.1375947995666307
2,grunge,426,4,0.009389671361502348,0.007602635580334516,1.2350547730829422
2,hard,426,2,0.004694835680751174,0.005575266092245312,0.8420827998292787
2,hardrock,426,1,0.002347417840375587,0.005575266092245312,0.42104139991463935
2,heavymetal,426,3,0.007042253521126761,0.002534211860111505,2.77887323943662
2,hiphop,426,38,0.0892018779342723,0.03243791180942727,2.749926643192488
2,house,426,15,0.035211267605633804,0.03750633552965028,0.9388085268366959
2,idm,426,0,0.0,0.0035478966041561076,0.0
2,improvisation,426,3,0.007042253521126761,0.006588950836289914,1.0687973997833153
2,indie,426,19,0.04460093896713615,0.0491637100861632,0.9071922946614395
2,industrial,426,10,0.023474178403755867,0.015712113532691332,1.4940178706648493
2,instrumentalpop,426,6,0.014084507042253521,0.00963000506842372,1.4625648628613788
2,instrumentalrock,426,5,0.011737089201877934,0.007602635580334516,1.5438184663536776
2,jazz,426,23,0.0539906103286385,0.036999493157627975,1.459225673676764
2,jazzfunk,426,2,0.004694835680751174,0.0015205271160669033,3.087636932707355
2,jazzfusion,426,2,0.004694835680751174,0.0035478966041561076,1.323272971160295
2,latin,426,8,0.018779342723004695,0.012671059300557527,1.4820657276995306
2,lounge,426,30,0.07042253521126761,0.035478966041561075,1.9849094567404428
2,medieval,426,0,0.0,0.0020273694880892043,0.0
2,metal,426,11,0.025821596244131457,0.01824632539280284,1.4151669274908711
2,minimal,426,1,0.002347417840375587,0.010643689812468323,0.2205454951933825
2,newage,426,24,0.056338028169014086,0.06994424733907754,0.8054705041845275
2,newwave,426,0,0.0,0.0010136847440446021,0.0
2,orchestral,426,26,0.06103286384976526,0.08869741510390268,0.6881019450033535
2,oriental,426,0,0.0,0.0030410542321338066,0.0
2,pop,426,89,0.20892018779342722,0.15661429295489102,1.333979063159974
2,popfolk,426,26,0.06103286384976526,0.04156107450582869,1.4685102484827666
2,poprock,426,17,0.03990610328638498,0.041054232133806386,0.9720338491856488
2,postrock,426,1,0.002347417840375587,0.0030410542321338066,0.7719092331768388
2,progressive,426,8,0.018779342723004695,0.021794221996958945,0.861666120755541
2,psychedelic,426,5,0.011737089201877934,0.01469842878864673,0.7985267929415574
2,punkrock,426,7,0.01643192488262911,0.007602635580334516,2.161345852895149
2,rap,426,15,0.035211267605633804,0.011150532184490624,3.1578104993597953
2,reggae,426,4,0.009389671361502348,0.007602635580334516,1.2350547730829422
2,rnb,426,7,0.01643192488262911,0.005575266092245312,2.947289799402476
2,rock,426,45,0.1056338028169014,0.0927521540800811,1.1388824751789424
2,rocknroll,426,2,0.004694835680751174,0.0040547389761784085,1.1578638497652582
2,singersongwriter,426,10,0.023474178403755867,0.021794221996958945,1.0770826509444262
2,ska,426,3,0.007042253521126761,0.0015205271160669033,4.631455399061033
2,soul,426,0,0.0,0.002534211860111505,0.0
2,soundtrack,426,92,0.215962441314554,0.26254434870755194,0.8225750901807241
2,swing,426,2,0.004694835680751174,0.0020273694880892043,2.3157276995305165
2,symphonic,426,8,0.018779342723004695,0.02483527622909275,0.7561559835201687
2,synthpop,426,5,0.011737089201877934,0.013684744044602128,0.8576769257520431
2,techno,426,2,0.004694835680751174,0.027369488089204256,0.17153538515040864
2,trance,426,4,0.009389671361502348,0.024328433857070453,0.3859546165884194
2,tribal,426,2,0.004694835680751174,0.007602635580334516,0.6175273865414711
2,triphop,426,15,0.035211267605633804,0.017232640648758235,2.0432891466445735
2,world,426,17,0.03990610328638498,0.030410542321338063,1.312245696400626
2,worldfusion,426,2,0.004694835680751174,0.002534211860111505,1.8525821596244132
3,60s,401,4,0.00997506234413965,0.00456158134820071,2.186755333887503
3,70s,401,4,0.00997506234413965,0.005575266092245312,1.7891634549988664
3,80s,401,3,0.007481296758104738,0.00506842372022301,1.476059850374065
3,90s,401,3,0.007481296758104738,0.006588950836289914,1.135430654133896
3,acidjazz,401,0,0.0,0.002534211860111505,0.0
3,african,401,1,0.0024937655860349127,0.0020273694880892043,1.2300498753117206
3,alternative,401,29,0.07231920199501247,0.04358844399391789,1.659137041118135
3,alternativerock,401,4,0.00997506234413965,0.002534211860111505,3.9361596009975064
3,ambient,401,45,0.11221945137157108,0.17435377597567156,0.6436307487096213
3,atmospheric,401,6,0.014962593516209476,0.03649265078560568,0.41001662510390685
3,blues,401,6,0.014962593516209476,0.01469842878864673,1.0179723106028034
3,bluesrock,401,0,0.0,0.0005068423720223011,0.0
3,bossanova,401,1,0.0024937655860349127,0.00456158134820071,0.5466888334718758
3,breakbeat,401,3,0.007481296758104738,0.005575266092245312,1.3418725912491498
3,celtic,401,3,0.007481296758104738,0.00456158134820071,1.6400665004156274
3,chanson,401,0,0.0,0.0020273694880892043,0.0
3,chillout,401,20,0.04987531172069826,0.07805372529143437,0.6389869482138809
3,choir,401,0,0.0,0.00456158134820071,0.0
3,classical,401,21,0.05236907730673317,0.13177901672579828,0.39740072894686357
3,classicrock,401,2,0.004987531172069825,0.006082108464267613,0.8200332502078137
3,club,401,4,0.00997506234413965,0.013684744044602128,0.7289184446291679
3,contemporary,401,1,0.0024937655860349127,0.0030410542321338066,0.8200332502078137
3,country,401,3,0.007481296758104738,0.01013684744044602,0.7380299251870325
3,dance,401,18,0.04488778054862843,0.05321844906234161,0.8434627716423228
3,darkambient,401,2,0.004987531172069825,0.00963000506842372,0.517915736973356
3,darkwave,401,0,0.0,0.0030410542321338066,0.0
3,deephouse,401,0,0.0,0.0040547389761784085,0.0
3,disco,401,0,0.0,0.010643689812468323,0.0
3,downtempo,401,5,0.012468827930174564,0.017739483020780537,0.702885643035269
3,drumnbass,401,0,0.0,0.005575266092245312,0.0
3,dub,401,3,0.007481296758104738,0.00506842372022301,1.476059850374065
3,dubstep,401,4,0.00997506234413965,0.006082108464267613,1.6400665004156274
3,easylistening,401,31,0.0773067331670823,0.11708058793715155,0.6602865131543435
3,edm,401,1,0.0024937655860349127,0.00506842372022301,0.4920199501246883
3,electronic,401,78,0.19451371571072318,0.24987328940699444,0.7784494139903789
3,electronica,401,3,0.007481296758104738,0.005575266092245312,1.3418725912491498
3,electropop,401,9,0.022443890274314215,0.02483527622909275,0.9037101124739173
3,ethnicrock,401,0,0.0,0.0015205271160669033,0.0
3,ethno,401,4,0.00997506234413965,0.006588950836289914,1.5139075388451948
3,eurodance,401,2,0.004987531172069825,0.00506842372022301,0.9840399002493766
3,experimental,401,30,0.07481296758104738,0.07298530157121136,1.0250415627597673
3,folk,401,33,0.08229426433915212,0.06132792701469843,1.3418725912491498
3,funk,401,6,0.014962593516209476,0.01875316776482514,0.7978701893913864
3,fusion,401,1,0.0024937655860349127,0.006082108464267613,0.41001662510390685
3,gothic,401,2,0.004987531172069825,0.00456158134820071,1.0933776669437516
3,groove,401,2,0.004987531172069825,0.006588950836289914,0.7569537694225974
3,grunge,401,8,0.0199501246882793,0.007602635580334516,2.624106400665004
3,hard,401,8,0.0199501246882793,0.005575266092245312,3.578326909997733
3,hardrock,401,9,0.022443890274314215,0.005575266092245312,4.02561777374745
3,heavymetal,401,2,0.004987531172069825,0.002534211860111505,1.9680798004987532
3,hiphop,401,8,0.0199501246882793,0.03243791180942727,0.6150249376558603
3,house,401,2,0.004987531172069825,0.03750633552965028,0.1329783648985644
3,idm,401,4,0.00997506234413965,0.0035478966041561076,2.8115425721410756
3,improvisation,401,2,0.004987531172069825,0.006588950836289914,0.7569537694225974
3,indie,401,42,0.10473815461346633,0.0491637100861632,2.130395660333702
3,industrial,401,7,0.017456359102244388,0.015712113532691332,1.111012790604135
3,instrumentalpop,401,3,0.007481296758104738,0.00963000506842372,0.7768736054600341
3,instrumentalrock,401,7,0.017456359102244388,0.007602635580334516,2.2960931005818788
3,jazz,401,17,0.04239401496259352,0.036999493157627975,1.145799883852014
3,jazzfunk,401,0,0.0,0.0015205271160669033,0.0
3,jazzfusion,401,3,0.007481296758104738,0.0035478966041561076,2.108656929105807
3,latin,401,4,0.00997506234413965,0.012671059300557527,0.7872319201995012
3,lounge,401,8,0.0199501246882793,0.035478966041561075,0.5623085144282152
3,medieval,401,2,0.004987531172069825,0.0020273694880892043,2.460099750623441
3,metal,401,21,0.05236907730673317,0.01824632539280284,2.8701163757273482
3,minimal,401,2,0.004987531172069825,0.010643689812468323,0.46859042869017925
3,newage,401,17,0.04239401496259352,0.06994424733907754,0.6061115327622972
3,newwave,401,2,0.004987531172069825,0.0010136847440446021,4.920199501246882
3,orchestral,401,37,0.09226932668329177,0.08869741510390268,1.040270751692198
3,oriental,401,0,0.0,0.0030410542321338066,0.0
3,pop,401,90,0.22443890274314215,0.15661429295489102,1.4330678158971506
3,popfolk,401,22,0.05486284289276808,0.04156107450582869,1.3200535247247733
3,poprock,401,35,0.08728179551122195,0.041054232133806386,2.126012130168406
3,postrock,401,2,0.004987531172069825,0.0030410542321338066,1.6400665004156274
3,progressive,401,12,0.029925187032418952,0.021794221996958945,1.3730789305805255
3,psychedelic,401,5,0.012468827930174564,0.01469842878864673,0.8483102588356695
3,punkrock,401,8,0.0199501246882793,0.007602635580334516,2.624106400665004
3,rap,401,2,0.004987531172069825,0.011150532184490624,0.4472908637497166
3,reggae,401,5,0.012468827930174564,0.007602635580334516,1.6400665004156278
3,rnb,401,2,0.004987531172069825,0.005575266092245312,0.8945817274994332
3,rock,401,92,0.22942643391521197,0.0927521540800811,2.473542918659635
3,rocknroll,401,5,0.012468827930174564,0.0040547389761784085,3.0751246882793017
3,singersongwriter,401,12,0.029925187032418952,0.021794221996958945,1.3730789305805255
3,ska,401,0,0.0,0.0015205271160669033,0.0
3,soul,401,3,0.007481296758104738,0.002534211860111505,2.95211970074813
3,soundtrack,401,102,0.2543640897755611,0.26254434870755194,0.9688423728323977
3,swing,401,1,0.0024937655860349127,0.0020273694880892043,1.2300498753117206
3,symphonic,401,5,0.012468827930174564,0.02483527622909275,0.5020611735966207
3,synthpop,401,7,0.017456359102244388,0.013684744044602128,1.2756072781010437
3,techno,401,10,0.02493765586034913,0.027369488089204256,0.9111480557864599
3,trance,401,10,0.02493765586034913,0.024328433857070453,1.0250415627597673
3,tribal,401,2,0.004987531172069825,0.007602635580334516,0.656026600166251
3,triphop,401,9,0.022443890274314215,0.017232640648758235,1.3024057503300572
3,world,401,14,0.034912718204488775,0.030410542321338063,1.1480465502909394
3,worldfusion,401,0,0.0,0.002534211860111505,0.0
4,60s,295,4,0.013559322033898305,0.00456158134820071,2.972504708097928
4,70s,295,1,0.003389830508474576,0.005575266092245312,0.6080123266563944
4,80s,295,3,0.010169491525423728,0.00506842372022301,2.0064406779661015
4,90s,295,1,0.003389830508474576,0.006588950836289914,0.5144719687092568
4,acidjazz,295,1,0.003389830508474576,0.002534211860111505,1.3376271186440678
4,african,295,2,0.006779661016949152,0.0020273694880892043,3.3440677966101693
4,alternative,295,17,0.0576271186440678,0.04358844399391789,1.3220733149389043
4,alternativerock,295,0,0.0,0.002534211860111505,0.0
4,ambient,295,57,0.19322033898305085,0.17435377597567156,1.108208513992905
4,atmospheric,295,11,0.03728813559322034,0.03649265078560568,1.0217984934086628
4,blues,295,6,0.020338983050847456,0.01469842878864673,1.3837521917007598
4,bluesrock,295,1,0.003389830508474576,0.0005068423720223011,6.688135593220339
4,bossanova,295,3,0.010169491525423728,0.00456158134820071,2.229378531073446
4,breakbeat,295,0,0.0,0.005575266092245312,0.0
4,celtic,295,2,0.006779661016949152,0.00456158134820071,1.486252354048964
4,chanson,295,2,0.006779661016949152,0.0020273694880892043,3.3440677966101693
4,chillout,295,22,0.07457627118644068,0.07805372529143437,0.9554479418886198
4,choir,295,0,0.0,0.00456158134820071,0.0
4,classical,295,18,0.061016949152542375,0.13177901672579828,0.4630247718383312
4,classicrock,295,3,0.010169491525423728,0.006082108464267613,1.6720338983050844
4,club,295,5,0.01694915254237288,0.013684744044602128,1.238543628374137
4,contemporary,295,0,0.0,0.0030410542321338066,0.0
4,country,295,2,0.006779661016949152,0.01013684744044602,0.6688135593220339
4,dance,295,19,0.06440677966101695,0.05321844906234161,1.2102340597255852
4,darkambient,295,3,0.010169491525423728,0.00963000506842372,1.0560214094558429
4,darkwave,295,1,0.003389830508474576,0.0030410542321338066,1.114689265536723
4,deephouse,295,1,0.003389830508474576,0.0040547389761784085,0.8360169491525423
4,disco,295,6,0.020338983050847456,0.010643689812468323,1.9108958837772394
4,downtempo,295,4,0.013559322033898305,0.017739483020780537,0.7643583535108959
4,drumnbass,295,1,0.003389830508474576,0.005575266092245312,0.6080123266563944
4,dub,295,1,0.003389830508474576,0.00506842372022301,0.6688135593220339
4,dubstep,295,4,0.013559322033898305,0.006082108464267613,2.229378531073446
4,easylistening,295,33,0.11186440677966102,0.11708058793715155,0.9554479418886198
4,edm,295,3,0.010169491525423728,0.00506842372022301,2.0064406779661015
4,electronic,295,94,0.31864406779661014,0.24987328940699444,1.275222608037955
4,electronica,295,3,0.010169491525423728,0.005575266092245312,1.8240369799691831
4,electropop,295,11,0.03728813559322034,0.02483527622909275,1.5014181943964027
4,ethnicrock,295,2,0.006779661016949152,0.0015205271160669033,4.458757062146892
4,ethno,295,2,0.006779661016949152,0.006588950836289914,1.0289439374185136
4,eurodance,295,3,0.010169491525423728,0.00506842372022301,2.0064406779661015
4,experimental,295,24,0.08135593220338982,0.07298530157121136,1.114689265536723
4,folk,295,8,0.02711864406779661,0.06132792701469843,0.4421907830228323
4,funk,295,7,0.023728813559322035,0.01875316776482514,1.2653229500687129
4,fusion,295,0,0.0,0.006082108464267613,0.0
4,gothic,295,0,0.0,0.00456158134820071,0.0
4,groove,295,1,0.003389830508474576,0.006588950836289914,0.5144719687092568
4,grunge,295,2,0.006779661016949152,0.007602635580334516,0.8917514124293785
4,hard,295,0,0.0,0.005575266092245312,0.0
4,hardrock,295,1,0.003389830508474576,0.005575266092245312,0.6080123266563944
4,heavymetal,295,0,0.0,0.002534211860111505,0.0
4,hiphop,295,7,0.023728813559322035,0.03243791180942727,0.7315148305084745
4,house,295,11,0.03728813559322034,0.03750633552965028,0.9941823179111315
4,idm,295,2,0.006779661016949152,0.0035478966041561076,1.9108958837772396
4,improvisation,295,0,0.0,0.006588950836289914,0.0
4,indie,295,23,0.07796610169491526,0.0491637100861632,1.585846583959462
4,industrial,295,7,0.023728813559322035,0.015712113532691332,1.5102241662110445
4,instrumentalpop,295,1,0.003389830508474576,0.00963000506842372,0.352007136485281
4,instrumentalrock,295,1,0.003389830508474576,0.007602635580334516,0.44587570621468925
4,jazz,295,15,0.05084745762711865,0.036999493157627975,1.3742744369630835
4,jazzfunk,295,0,0.0,0.0015205271160669033,0.0
4,jazzfusion,295,1,0.003389830508474576,0.0035478966041561076,0.9554479418886198
4,latin,295,5,0.01694915254237288,0.012671059300557527,1.3376271186440678
4,lounge,295,14,0.04745762711864407,0.035478966041561075,1.3376271186440678
4,medieval,295,0,0.0,0.0020273694880892043,0.0
4,metal,295,3,0.010169491525423728,0.01824632539280284,0.5573446327683615
4,minimal,295,8,0.02711864406779661,0.010643689812468323,2.5478611783696525
4,newage,295,17,0.0576271186440678,0.06994424733907754,0.823900761483665
4,newwave,295,0,0.0,0.0010136847440446021,0.0
4,orchestral,295,15,0.05084745762711865,0.08869741510390268,0.573268765133172
4,oriental,295,2,0.006779661016949152,0.0030410542321338066,2.229378531073446
4,pop,295,55,0.1864406779661017,0.15661429295489102,1.1904448466897044
4,popfolk,295,6,0.020338983050847456,0.04156107450582869,0.4893757751136833
4,poprock,295,18,0.061016949152542375,0.041054232133806386,1.4862523540489643
4,postrock,295,1,0.003389830508474576,0.0030410542321338066,1.114689265536723
4,progressive,295,9,0.030508474576271188,0.021794221996958945,1.3998423334647223
4,psychedelic,295,10,0.03389830508474576,0.01469842878864673,2.3062536528345996
4,punkrock,295,0,0.0,0.007602635580334516,0.0
4,rap,295,2,0.006779661016949152,0.011150532184490624,0.6080123266563944
4,reggae,295,3,0.010169491525423728,0.007602635580334516,1.3376271186440678
4,rnb,295,1,0.003389830508474576,0.005575266092245312,0.6080123266563944
4,rock,295,24,0.08135593220338982,0.0927521540800811,0.8771325368157821
4,rocknroll,295,0,0.0,0.0040547389761784085,0.0
4,singersongwriter,295,5,0.01694915254237288,0.021794221996958945,0.777690185258179
4,ska,295,0,0.0,0.0015205271160669033,0.0
4,soul,295,2,0.006779661016949152,0.002534211860111505,2.6752542372881356
4,soundtrack,295,73,0.24745762711864408,0.26254434870755194,0.9425364832144494
4,swing,295,1,0.003389830508474576,0.0020273694880892043,1.6720338983050846
4,symphonic,295,2,0.006779661016949152,0.02483527622909275,0.2729851262538914
4,synthpop,295,2,0.006779661016949152,0.013684744044602128,0.49541745134965476
4,techno,295,11,0.03728813559322034,0.027369488089204256,1.3623979912115507
4,trance,295,6,0.020338983050847456,0.024328433857070453,0.8360169491525422
4,tribal,295,1,0.003389830508474576,0.007602635580334516,0.44587570621468925
4,triphop,295,6,0.020338983050847456,0.017232640648758235,1.180259222333001
4,world,295,7,0.023728813559322035,0.030410542321338063,0.7802824858757063
4,worldfusion,295,2,0.006779661016949152,0.002534211860111505,2.6752542372881356
5,60s,265,0,0.0,0.00456158134820071,0.0
5,70s,265,1,0.0037735849056603774,0.005575266092245312,0.6768439108061749
5,80s,265,3,0.011320754716981131,0.00506842372022301,2.2335849056603774
5,90s,265,6,0.022641509433962263,0.006588950836289914,3.436284470246734
5,acidjazz,265,2,0.007547169811320755,0.002534211860111505,2.97811320754717
5,african,265,0,0.0,0.0020273694880892043,0.0
5,alternative,265,8,0.03018867924528302,0.04358844399391789,0.6925844668714348
5,alternativerock,265,0,0.0,0.002534211860111505,0.0
5,ambient,265,17,0.06415094339622641,0.17435377597567156,0.3679354980254498
5,atmospheric,265,2,0.007547169811320755,0.03649265078560568,0.20681341719077567
5,blues,265,2,0.007547169811320755,0.01469842878864673,0.5134677944046845
5,bluesrock,265,0,0.0,0.0005068423720223011,0.0
5,bossanova,265,1,0.0037735849056603774,0.00456158134820071,0.8272536687631027
5,breakbeat,265,7,0.026415094339622643,0.005575266092245312,4.737907375643225
5,celtic,265,0,0.0,0.00456158134820071,0.0
5,chanson,265,0,0.0,0.0020273694880892043,0.0
5,chillout,265,29,0.10943396226415095,0.07805372529143437,1.4020338152413625
5,choir,265,0,0.0,0.00456158134820071,0.0
5,classical,265,6,0.022641509433962263,0.13177901672579828,0.1718142235123367
5,classicrock,265,0,0.0,0.006082108464267613,0.0
5,club,265,17,0.06415094339622641,0.013684744044602128,4.687770789657582
5,contemporary,265,0,0.0,0.0030410542321338066,0.0
5,country,265,1,0.0037735849056603774,0.01013684744044602,0.37226415094339627
5,dance,265,58,0.2188679245283019,0.05321844906234161,4.112632524707997
5,darkambient,265,0,0.0,0.00963000506842372,0.0
5,darkwave,265,0,0.0,0.0030410542321338066,0.0
5,deephouse,265,6,0.022641509433962263,0.0040547389761784085,5.583962264150943
5,disco,265,14,0.052830188679245285,0.010643689812468323,4.963522012578617
5,downtempo,265,5,0.018867924528301886,0.017739483020780537,1.0636118598382749
5,drumnbass,265,3,0.011320754716981131,0.005575266092245312,2.030531732418525
5,dub,265,3,0.011320754716981131,0.00506842372022301,2.2335849056603774
5,dubstep,265,2,0.007547169811320755,0.006082108464267613,1.240880503144654
5,easylistening,265,38,0.14339622641509434,0.11708058793715155,1.2247651719349832
5,edm,265,4,0.01509433962264151,0.00506842372022301,2.97811320754717
5,electronic,265,124,0.4679245283018868,0.24987328940699444,1.8726472501817903
5,electronica,265,3,0.011320754716981131,0.005575266092245312,2.030531732418525
5,electropop,265,16,0.06037735849056604,0.02483527622909275,2.431112822487486
5,ethnicrock,265,0,0.0,0.0015205271160669033,0.0
5,ethno,265,3,0.011320754716981131,0.006588950836289914,1.718142235123367
5,eurodance,265,5,0.018867924528301886,0.00506842372022301,3.7226415094339624
5,experimental,265,13,0.04905660377358491,0.07298530157121136,0.672143605870021
5,folk,265,2,0.007547169811320755,0.06132792701469843,0.12306252923748635
5,funk,265,11,0.04150943396226415,0.01875316776482514,2.2134625191228965
5,fusion,265,4,0.01509433962264151,0.006082108464267613,2.481761006289308
5,gothic,265,0,0.0,0.00456158134820071,0.0
5,groove,265,2,0.007547169811320755,0.006588950836289914,1.1454281567489115
5,grunge,265,0,0.0,0.007602635580334516,0.0
5,hard,265,1,0.0037735849056603774,0.005575266092245312,0.6768439108061749
5,hardrock,265,0,0.0,0.005575266092245312,0.0
5,heavymetal,265,0,0.0,0.002534211860111505,0.0
5,hiphop,265,10,0.03773584905660377,0.03243791180942727,1.1633254716981132
5,house,265,46,0.17358490566037735,0.03750633552965028,4.628148903620602
5,idm,265,1,0.0037735849056603774,0.0035478966041561076,1.0636118598382749
5,improvisation,265,2,0.007547169811320755,0.006588950836289914,1.1454281567489115
5,indie,265,6,0.022641509433962263,0.0491637100861632,0.46053297023925305
5,industrial,265,4,0.01509433962264151,0.015712113532691332,0.9606816798539258
5,instrumentalpop,265,1,0.0037735849056603774,0.00963000506842372,0.39185700099304865
5,instrumentalrock,265,1,0.0037735849056603774,0.007602635580334516,0.49635220125786167
5,jazz,265,4,0.01509433962264151,0.036999493157627975,0.407960713362626
5,jazzfunk,265,1,0.0037735849056603774,0.0015205271160669033,2.481761006289308
5,jazzfusion,265,0,0.0,0.0035478966041561076,0.0
5,latin,265,7,0.026415094339622643,0.012671059300557527,2.0846792452830187
5,lounge,265,6,0.022641509433962263,0.035478966041561075,0.6381671159029649
5,medieval,265,0,0.0,0.0020273694880892043,0.0
5,metal,265,0,0.0,0.01824632539280284,0.0
5,minimal,265,2,0.007547169811320755,0.010643689812468323,0.7090745732255166
5,newage,265,3,0.011320754716981131,0.06994424733907754,0.16185397867104184
5,newwave,265,0,0.0,0.0010136847440446021,0.0
5,orchestral,265,4,0.01509433962264151,0.08869741510390268,0.170177897574124
5,oriental,265,2,0.007547169811320755,0.0030410542321338066,2.481761006289308
5,pop,265,43,0.16226415094339622,0.15661429295489102,1.0360749832081577
5,popfolk,265,4,0.01509433962264151,0.04156107450582869,0.3631845375057524
5,poprock,265,7,0.026415094339622643,0.041054232133806386,0.6434195201490799
5,postrock,265,0,0.0,0.0030410542321338066,0.0
5,progressive,265,8,0.03018867924528302,0.021794221996958945,1.3851689337428696
5,psychedelic,265,3,0.011320754716981131,0.01469842878864673,0.7702016916070267
5,punkrock,265,0,0.0,0.007602635580334516,0.0
5,rap,265,3,0.011320754716981131,0.011150532184490624,1.0152658662092624
5,reggae,265,3,0.011320754716981131,0.007602635580334516,1.4890566037735848
5,rnb,265,1,0.0037735849056603774,0.005575266092245312,0.6768439108061749
5,rock,265,11,0.04150943396226415,0.0927521540800811,0.44753067326528506
5,rocknroll,265,1,0.0037735849056603774,0.0040547389761784085,0.9306603773584906
5,singersongwriter,265,0,0.0,0.021794221996958945,0.0
5,ska,265,0,0.0,0.0015205271160669033,0.0
5,soul,265,0,0.0,0.002534211860111505,0.0
5,soundtrack,265,30,0.11320754716981132,0.26254434870755194,0.43119399723173313
5,swing,265,0,0.0,0.0020273694880892043,0.0
5,symphonic,265,1,0.0037735849056603774,0.02483527622909275,0.15194455140546786
5,synthpop,265,11,0.04150943396226415,0.013684744044602128,3.0332634521313766
5,techno,265,31,0.1169811320754717,0.027369488089204256,4.274143955276031
5,trance,265,26,0.09811320754716982,0.024328433857070453,4.032861635220126
5,tribal,265,9,0.033962264150943396,0.007602635580334516,4.467169811320755
5,triphop,265,3,0.011320754716981131,0.017232640648758235,0.6569367369589345
5,world,265,3,0.011320754716981131,0.030410542321338063,0.3722641509433962
5,worldfusion,265,1,0.0037735849056603774,0.002534211860111505,1.489056603773585
