community_id,mood_theme,labeled_nodes,hits,fraction,whole_labeled_sample_fraction,lift
1,action,598,4,0.006688963210702341,0.0235,0.2846367323703124
1,adventure,598,5,0.008361204013377926,0.023,0.36353060927730113
1,advertising,598,9,0.015050167224080268,0.0415,0.3626546319055486
1,ambiental,598,31,0.051839464882943144,0.029,1.7875677545842463
1,background,598,14,0.023411371237458192,0.0295,0.7936058046595997
1,ballad,598,10,0.016722408026755852,0.0175,0.9555661729574771
1,calm,598,29,0.048494983277591976,0.0245,1.9793870725547744
1,children,598,15,0.02508361204013378,0.024,1.0451505016722409
1,christmas,598,33,0.05518394648829431,0.037,1.4914580131971436
1,commercial,598,2,0.0033444816053511705,0.019,0.17602534765006161
1,cool,598,2,0.0033444816053511705,0.0135,0.24773937817416078
1,corporate,598,11,0.01839464882943144,0.037,0.4971526710657146
1,dark,598,28,0.046822742474916385,0.061,0.767585942211744
1,deep,598,5,0.008361204013377926,0.0315,0.2654350480437437
1,documentary,598,22,0.03678929765886288,0.033,1.1148272017837235
1,drama,598,24,0.04013377926421405,0.021,1.9111323459149545
1,dramatic,598,15,0.02508361204013378,0.0195,1.2863390789812195
1,dream,598,34,0.056856187290969896,0.044,1.2921860747947704
1,emotional,598,73,0.12207357859531773,0.074,1.6496429539907802
1,energetic,598,3,0.005016722408026756,0.066,0.07601094557616296
1,epic,598,34,0.056856187290969896,0.054,1.0528923572401834
1,fast,598,0,0.0,0.0065,0.0
1,film,598,100,0.16722408026755853,0.0855,1.9558371961117955
1,fun,598,3,0.005016722408026756,0.025,0.20066889632107024
1,funny,598,1,0.0016722408026755853,0.014,0.11944577161968466
1,game,598,9,0.015050167224080268,0.0135,1.1148272017837235
1,groovy,598,0,0.0,0.01,0.0
1,happy,598,23,0.038461538461538464,0.089,0.432152117545376
1,heavy,598,0,0.0,0.008,0.0
1,holiday,598,11,0.01839464882943144,0.011,1.6722408026755855
1,hopeful,598,5,0.008361204013377926,0.0105,0.796305144131231
1,horror,598,9,0.015050167224080268,0.01,1.5050167224080269
1,inspiring,598,32,0.05351170568561873,0.0535,1.0002187978620323
1,love,598,27,0.0451505016722408,0.0455,0.9923187180712264
1,meditative,598,57,0.09531772575250837,0.044,2.166311948920645
1,melancholic,598,23,0.038461538461538464,0.02,1.9230769230769231
1,mellow,598,3,0.005016722408026756,0.0055,0.9121313469139557
1,melodic,598,23,0.038461538461538464,0.062,0.620347394540943
1,motivational,598,11,0.01839464882943144,0.035,0.5255613951266125
1,movie,598,9,0.015050167224080268,0.016,0.9406354515050167
1,nature,598,11,0.01839464882943144,0.0125,1.4715719063545152
1,party,598,0,0.0,0.012,0.0
1,positive,598,9,0.015050167224080268,0.0335,0.44925872310687365
1,powerful,598,3,0.005016722408026756,0.0155,0.32365951019527456
1,relaxing,598,86,0.14381270903010032,0.0725,1.9836235728289702
1,retro,598,2,0.0033444816053511705,0.01,0.33444816053511706
1,romantic,598,28,0.046822742474916385,0.0295,1.5872116093191995
1,sad,598,48,0.0802675585284281,0.0425,1.8886484359630138
1,sexy,598,0,0.0,0.0065,0.0
1,slow,598,16,0.026755852842809364,0.021,1.2740882306099697
1,soft,598,19,0.03177257525083612,0.0235,1.352024478758984
1,soundscape,598,22,0.03678929765886288,0.0265,1.3882753833533164
1,space,598,19,0.03177257525083612,0.03,1.0590858416945375
1,sport,598,0,0.0,0.022,0.0
1,summer,598,1,0.0016722408026755853,0.029,0.05766347595433052
1,trailer,598,12,0.020066889632107024,0.017,1.1804052724768836
1,travel,598,5,0.008361204013377926,0.0105,0.796305144131231
1,upbeat,598,1,0.0016722408026755853,0.0265,0.06310342651605982
1,uplifting,598,16,0.026755852842809364,0.045,0.5945745076179859
2,action,432,10,0.023148148148148147,0.0235,0.9850275807722616
2,adventure,432,8,0.018518518518518517,0.023,0.8051529790660226
2,advertising,432,25,0.05787037037037037,0.0415,1.394466755912539
2,ambiental,432,11,0.02546296296296296,0.029,0.8780332056194124
2,background,432,18,0.041666666666666664,0.0295,1.4124293785310735
2,ballad,432,8,0.018518518518518517,0.0175,1.0582010582010581
2,calm,432,11,0.02546296296296296,0.0245,1.039304610733182
2,children,432,12,0.027777777777777776,0.024,1.1574074074074072
2,christmas,432,14,0.032407407407407406,0.037,0.8758758758758759
2,commercial,432,8,0.018518518518518517,0.019,0.9746588693957114
2,cool,432,6,0.013888888888888888,0.0135,1.02880658436214
2,corporate,432,16,0.037037037037037035,0.037,1.001001001001001
2,dark,432,28,0.06481481481481481,0.061,1.0625379477838495
2,deep,432,25,0.05787037037037037,0.0315,1.8371546149323927
2,documentary,432,17,0.03935185185185185,0.033,1.1924803591470259
2,drama,432,5,0.011574074074074073,0.021,0.5511463844797178
2,dramatic,432,12,0.027777777777777776,0.0195,1.4245014245014245
2,dream,432,14,0.032407407407407406,0.044,0.7365319865319865
2,emotional,432,26,0.06018518518518518,0.074,0.8133133133133134
2,energetic,432,28,0.06481481481481481,0.066,0.9820426487093152
2,epic,432,30,0.06944444444444445,0.054,1.286008230452675
2,fast,432,3,0.006944444444444444,0.0065,1.0683760683760684
2,film,432,17,0.03935185185185185,0.0855,0.4602555772146415
2,fun,432,10,0.023148148148148147,0.025,0.9259259259259258
2,funny,432,3,0.006944444444444444,0.014,0.496031746031746
2,game,432,6,0.013888888888888888,0.0135,1.02880658436214
2,groovy,432,9,0.020833333333333332,0.01,2.083333333333333
2,happy,432,53,0.12268518518518519,0.089,1.3784852267998335
2,heavy,432,3,0.006944444444444444,0.008,0.8680555555555555
2,holiday,432,4,0.009259259259259259,0.011,0.8417508417508418
2,hopeful,432,6,0.013888888888888888,0.0105,1.3227513227513226
2,horror,432,0,0.0,0.01,0.0
2,inspiring,432,25,0.05787037037037037,0.0535,1.0816891658013155
2,love,432,25,0.05787037037037037,0.0455,1.271876271876272
2,meditative,432,10,0.023148148148148147,0.044,0.5260942760942761
2,melancholic,432,6,0.013888888888888888,0.02,0.6944444444444444
2,mellow,432,6,0.013888888888888888,0.0055,2.525252525252525
2,melodic,432,24,0.05555555555555555,0.062,0.8960573476702508
2,motivational,432,20,0.046296296296296294,0.035,1.3227513227513226
2,movie,432,10,0.023148148148148147,0.016,1.446759259259259
2,nature,432,5,0.011574074074074073,0.0125,0.9259259259259258
2,party,432,3,0.006944444444444444,0.012,0.5787037037037036
2,positive,432,17,0.03935185185185185,0.0335,1.1746821448313984
2,powerful,432,8,0.018518518518518517,0.0155,1.194743130227001
2,relaxing,432,21,0.04861111111111111,0.0725,0.6704980842911878
2,retro,432,5,0.011574074074074073,0.01,1.1574074074074072
2,romantic,432,6,0.013888888888888888,0.0295,0.4708097928436911
2,sad,432,12,0.027777777777777776,0.0425,0.65359477124183
2,sexy,432,2,0.004629629629629629,0.0065,0.7122507122507122
2,slow,432,5,0.011574074074074073,0.021,0.5511463844797178
2,soft,432,15,0.034722222222222224,0.0235,1.4775413711583925
2,soundscape,432,12,0.027777777777777776,0.0265,1.0482180293501049
2,space,432,11,0.02546296296296296,0.03,0.8487654320987654
2,sport,432,8,0.018518518518518517,0.022,0.8417508417508418
2,summer,432,13,0.03009259259259259,0.029,1.0376756066411237
2,trailer,432,4,0.009259259259259259,0.017,0.5446623093681916
2,travel,432,5,0.011574074074074073,0.0105,1.1022927689594355
2,upbeat,432,19,0.04398148148148148,0.0265,1.6596785464709993
2,uplifting,432,18,0.041666666666666664,0.045,0.9259259259259259
3,action,404,21,0.05198019801980198,0.0235,2.2119233199915733
3,adventure,404,20,0.04950495049504951,0.023,2.1523891519586744
3,advertising,404,20,0.04950495049504951,0.0415,1.192890373374687
3,ambiental,404,7,0.017326732673267328,0.029,0.597473540457494
3,background,404,9,0.022277227722772276,0.0295,0.7551602617888907
3,ballad,404,11,0.027227722772277228,0.0175,1.5558698727015556
3,calm,404,2,0.0049504950495049506,0.0245,0.2020610224287735
3,children,404,6,0.01485148514851485,0.024,0.6188118811881188
3,christmas,404,17,0.04207920792079208,0.037,1.1372758897511375
3,commercial,404,17,0.04207920792079208,0.019,2.214695153725899
3,cool,404,5,0.012376237623762377,0.0135,0.9167583425009168
3,corporate,404,17,0.04207920792079208,0.037,1.1372758897511375
3,dark,404,27,0.06683168316831684,0.061,1.0956013634150301
3,deep,404,0,0.0,0.0315,0.0
3,documentary,404,14,0.034653465346534656,0.033,1.05010501050105
3,drama,404,5,0.012376237623762377,0.021,0.5893446487505893
3,dramatic,404,8,0.019801980198019802,0.0195,1.0154861640010155
3,dream,404,17,0.04207920792079208,0.044,0.9563456345634564
3,emotional,404,22,0.054455445544554455,0.074,0.7358843992507359
3,energetic,404,45,0.11138613861386139,0.066,1.6876687668766877
3,epic,404,33,0.08168316831683169,0.054,1.5126512651265127
3,fast,404,5,0.012376237623762377,0.0065,1.9040365575019043
3,film,404,22,0.054455445544554455,0.0855,0.6369057958427421
3,fun,404,13,0.03217821782178218,0.025,1.2871287128712872
3,funny,404,8,0.019801980198019802,0.014,1.4144271570014144
3,game,404,4,0.009900990099009901,0.0135,0.7334066740007334
3,groovy,404,4,0.009900990099009901,0.01,0.9900990099009901
3,happy,404,34,0.08415841584158416,0.089,0.9456001779953277
3,heavy,404,12,0.0297029702970297,0.008,3.7128712871287126
3,holiday,404,4,0.009900990099009901,0.011,0.9000900090009002
3,hopeful,404,5,0.012376237623762377,0.0105,1.1786892975011787
3,horror,404,7,0.017326732673267328,0.01,1.7326732673267329
3,inspiring,404,25,0.06188118811881188,0.0535,1.1566577218469511
3,love,404,20,0.04950495049504951,0.0455,1.0880208900010881
3,meditative,404,12,0.0297029702970297,0.044,0.6750675067506751
3,melancholic,404,7,0.017326732673267328,0.02,0.8663366336633664
3,mellow,404,1,0.0024752475247524753,0.0055,0.4500450045004501
3,melodic,404,39,0.09653465346534654,0.062,1.5570105397636538
3,motivational,404,22,0.054455445544554455,0.035,1.5558698727015556
3,movie,404,4,0.009900990099009901,0.016,0.6188118811881188
3,nature,404,2,0.0049504950495049506,0.0125,0.396039603960396
3,party,404,2,0.0049504950495049506,0.012,0.41254125412541254
3,positive,404,17,0.04207920792079208,0.0335,1.2560957588296142
3,powerful,404,11,0.027227722772277228,0.0155,1.7566272756307888
3,relaxing,404,17,0.04207920792079208,0.0725,0.5804028678729942
3,retro,404,3,0.007425742574257425,0.01,0.7425742574257426
3,romantic,404,9,0.022277227722772276,0.0295,0.7551602617888907
3,sad,404,11,0.027227722772277228,0.0425,0.64065230052417
3,sexy,404,3,0.007425742574257425,0.0065,1.1424219345011424
3,slow,404,8,0.019801980198019802,0.021,0.9429514380009429
3,soft,404,7,0.017326732673267328,0.0235,0.7373077733305246
3,soundscape,404,6,0.01485148514851485,0.0265,0.5604334018307491
3,space,404,9,0.022277227722772276,0.03,0.7425742574257426
3,sport,404,17,0.04207920792079208,0.022,1.912691269126913
3,summer,404,7,0.017326732673267328,0.029,0.597473540457494
3,trailer,404,13,0.03217821782178218,0.017,1.8928363424577752
3,travel,404,7,0.017326732673267328,0.0105,1.6501650165016502
3,upbeat,404,16,0.039603960396039604,0.0265,1.4944890715486643
3,uplifting,404,19,0.04702970297029703,0.045,1.0451045104510452
4,action,299,5,0.016722408026755852,0.0235,0.7115918309257809
4,adventure,299,11,0.03678929765886288,0.023,1.5995346808201252
4,advertising,299,16,0.05351170568561873,0.0415,1.2894386912197284
4,ambiental,299,7,0.023411371237458192,0.029,0.8072886633606273
4,background,299,12,0.04013377926421405,0.0295,1.3604670937021712
4,ballad,299,5,0.016722408026755852,0.0175,0.9555661729574771
4,calm,299,5,0.016722408026755852,0.0245,0.6825472663981981
4,children,299,13,0.043478260869565216,0.024,1.8115942028985506
4,christmas,299,8,0.026755852842809364,0.037,0.7231311579137666
4,commercial,299,4,0.013377926421404682,0.019,0.7041013906002465
4,cool,299,10,0.033444816053511704,0.0135,2.4773937817416076
4,corporate,299,11,0.03678929765886288,0.037,0.9943053421314292
4,dark,299,28,0.09364548494983277,0.061,1.535171884423488
4,deep,299,7,0.023411371237458192,0.0315,0.7432181345224823
4,documentary,299,10,0.033444816053511704,0.033,1.0134792743488394
4,drama,299,6,0.020066889632107024,0.021,0.9555661729574773
4,dramatic,299,1,0.0033444816053511705,0.0195,0.17151187719749592
4,dream,299,15,0.05016722408026756,0.044,1.1401641836424445
4,emotional,299,19,0.06354515050167224,0.074,0.8587182500225978
4,energetic,299,19,0.06354515050167224,0.066,0.9628053106313975
4,epic,299,8,0.026755852842809364,0.054,0.49547875634832156
4,fast,299,1,0.0033444816053511705,0.0065,0.5145356315924878
4,film,299,22,0.07357859531772576,0.0855,0.8605683662891901
4,fun,299,15,0.05016722408026756,0.025,2.0066889632107023
4,funny,299,8,0.026755852842809364,0.014,1.9111323459149545
4,game,299,4,0.013377926421404682,0.0135,0.9909575126966431
4,groovy,299,1,0.0033444816053511705,0.01,0.33444816053511706
4,happy,299,29,0.09698996655518395,0.089,1.0897749051144265
4,heavy,299,1,0.0033444816053511705,0.008,0.4180602006688963
4,holiday,299,2,0.006688963210702341,0.011,0.6080875646093038
4,hopeful,299,3,0.010033444816053512,0.0105,0.9555661729574773
4,horror,299,1,0.0033444816053511705,0.01,0.33444816053511706
4,inspiring,299,13,0.043478260869565216,0.0535,0.8126777732629012
4,love,299,13,0.043478260869565216,0.0455,0.9555661729574773
4,meditative,299,8,0.026755852842809364,0.044,0.6080875646093038
4,melancholic,299,3,0.010033444816053512,0.02,0.5016722408026756
4,mellow,299,1,0.0033444816053511705,0.0055,0.6080875646093038
4,melodic,299,15,0.05016722408026756,0.062,0.8091487754881864
4,motivational,299,7,0.023411371237458192,0.035,0.668896321070234
4,movie,299,4,0.013377926421404682,0.016,0.8361204013377926
4,nature,299,7,0.023411371237458192,0.0125,1.8729096989966554
4,party,299,2,0.006688963210702341,0.012,0.5574136008918618
4,positive,299,9,0.030100334448160536,0.0335,0.8985174462137473
4,powerful,299,4,0.013377926421404682,0.0155,0.8630920271873989
4,relaxing,299,13,0.043478260869565216,0.0725,0.5997001499250375
4,retro,299,2,0.006688963210702341,0.01,0.6688963210702341
4,romantic,299,10,0.033444816053511704,0.0295,1.1337225780851425
4,sad,299,11,0.03678929765886288,0.0425,0.8656305331497147
4,sexy,299,2,0.006688963210702341,0.0065,1.0290712631849757
4,slow,299,12,0.04013377926421405,0.021,1.9111323459149545
4,soft,299,5,0.016722408026755852,0.0235,0.7115918309257809
4,soundscape,299,9,0.030100334448160536,0.0265,1.1358616772890768
4,space,299,13,0.043478260869565216,0.03,1.4492753623188406
4,sport,299,5,0.016722408026755852,0.022,0.7601094557616297
4,summer,299,4,0.013377926421404682,0.029,0.4613078076346442
4,trailer,299,4,0.013377926421404682,0.017,0.7869368483179224
4,travel,299,2,0.006688963210702341,0.0105,0.6370441153049848
4,upbeat,299,7,0.023411371237458192,0.0265,0.8834479712248374
4,uplifting,299,11,0.03678929765886288,0.045,0.8175399479747307
5,action,267,7,0.026217228464419477,0.0235,1.1156267431667863
5,adventure,267,2,0.00749063670411985,0.023,0.3256798567008631
5,advertising,267,13,0.04868913857677903,0.0415,1.1732322548621452
5,ambiental,267,2,0.00749063670411985,0.029,0.2582978173834431
5,background,267,6,0.02247191011235955,0.0295,0.7617596648257475
5,ballad,267,1,0.003745318352059925,0.0175,0.2140181915462814
5,calm,267,2,0.00749063670411985,0.0245,0.3057402736375449
5,children,267,2,0.00749063670411985,0.024,0.3121098626716604
5,christmas,267,2,0.00749063670411985,0.037,0.20244964065188786
5,commercial,267,7,0.026217228464419477,0.019,1.3798541297062883
5,cool,267,4,0.0149812734082397,0.0135,1.1097239561659038
5,corporate,267,19,0.07116104868913857,0.037,1.9232715861929344
5,dark,267,11,0.04119850187265917,0.061,0.67538527660097
5,deep,267,26,0.09737827715355805,0.0315,3.091373877890732
5,documentary,267,3,0.011235955056179775,0.033,0.34048348655090227
5,drama,267,2,0.00749063670411985,0.021,0.35669698591046906
5,dramatic,267,3,0.011235955056179775,0.0195,0.5762028233938347
5,dream,267,8,0.0299625468164794,0.044,0.6809669731018047
5,emotional,267,8,0.0299625468164794,0.074,0.4048992813037757
5,energetic,267,37,0.13857677902621723,0.066,2.0996481670638976
5,epic,267,3,0.011235955056179775,0.054,0.20807324178110695
5,fast,267,4,0.0149812734082397,0.0065,2.3048112935753386
5,film,267,10,0.03745318352059925,0.0855,0.4380489300654883
5,fun,267,9,0.033707865168539325,0.025,1.348314606741573
5,funny,267,8,0.0299625468164794,0.014,2.140181915462814
5,game,267,4,0.0149812734082397,0.0135,1.1097239561659038
5,groovy,267,6,0.02247191011235955,0.01,2.2471910112359548
5,happy,267,39,0.14606741573033707,0.089,1.6412069183183942
5,heavy,267,0,0.0,0.008,0.0
5,holiday,267,1,0.003745318352059925,0.011,0.3404834865509023
5,hopeful,267,2,0.00749063670411985,0.0105,0.7133939718209381
5,horror,267,3,0.011235955056179775,0.01,1.1235955056179774
5,inspiring,267,12,0.0449438202247191,0.0535,0.8400714060695159
5,love,267,6,0.02247191011235955,0.0455,0.49388813433757256
5,meditative,267,1,0.003745318352059925,0.044,0.08512087163772558
5,melancholic,267,1,0.003745318352059925,0.02,0.18726591760299624
5,mellow,267,0,0.0,0.0055,0.0
5,melodic,267,23,0.08614232209737828,0.062,1.389392291893198
5,motivational,267,10,0.03745318352059925,0.035,1.070090957731407
5,movie,267,5,0.018726591760299626,0.016,1.1704119850187267
5,nature,267,0,0.0,0.0125,0.0
5,party,267,17,0.06367041198501873,0.012,5.305867665418227
5,positive,267,15,0.056179775280898875,0.0335,1.6770082173402647
5,powerful,267,5,0.018726591760299626,0.0155,1.2081672103419114
5,relaxing,267,8,0.0299625468164794,0.0725,0.413276507813509
5,retro,267,8,0.0299625468164794,0.01,2.99625468164794
5,romantic,267,6,0.02247191011235955,0.0295,0.7617596648257475
5,sad,267,3,0.011235955056179775,0.0425,0.2643754130865829
5,sexy,267,6,0.02247191011235955,0.0065,3.4572169403630078
5,slow,267,1,0.003745318352059925,0.021,0.17834849295523453
5,soft,267,1,0.003745318352059925,0.0235,0.1593752490238266
5,soundscape,267,4,0.0149812734082397,0.0265,0.5653310720090453
5,space,267,8,0.0299625468164794,0.03,0.9987515605493134
5,sport,267,14,0.052434456928838954,0.022,2.383384405856316
5,summer,267,33,0.12359550561797752,0.029,4.261913986826811
5,trailer,267,1,0.003745318352059925,0.017,0.2203128442388191
5,travel,267,2,0.00749063670411985,0.0105,0.7133939718209381
5,upbeat,267,10,0.03745318352059925,0.0265,1.4133276800226133
5,uplifting,267,26,0.09737827715355805,0.045,2.1639617145235124
