k,n_nodes,n_edges,n_components,largest_component_size,largest_component_fraction
2,2000,3311,2,1997,0.9985
3,2000,4888,1,2000,1.0
4,2000,6436,1,2000,1.0
5,2000,7973,1,2000,1.0
6,2000,9543,1,2000,1.0
7,2000,11119,1,2000,1.0
8,2000,12704,1,2000,1.0
9,2000,14279,1,2000,1.0
10,2000,15814,1,2000,1.0
11,2000,17353,1,2000,1.0
12,2000,18887,1,2000,1.0
13,2000,20417,1,2000,1.0
14,2000,21925,1,2000,1.0
15,2000,23459,1,2000,1.0
16,2000,25000,1,2000,1.0
17,2000,26522,1,2000,1.0
18,2000,28027,1,2000,1.0
19,2000,29562,1,2000,1.0
20,2000,31092,1,2000,1.0
21,2000,32604,1,2000,1.0
22,2000,34124,1,2000,1.0
23,2000,35642,1,2000,1.0
24,2000,37131,1,2000,1.0
25,2000,38627,1,2000,1.0
26,2000,40128,1,2000,1.0
27,2000,41641,1,2000,1.0
28,2000,43177,1,2000,1.0
29,2000,44681,1,2000,1.0
30,2000,46162,1,2000,1.0
31,2000,47689,1,2000,1.0
32,2000,49213,1,2000,1.0
33,2000,50703,1,2000,1.0
34,2000,52211,1,2000,1.0
35,2000,53735,1,2000,1.0
36,2000,55219,1,2000,1.0
37,2000,56726,1,2000,1.0
38,2000,58204,1,2000,1.0
39,2000,59714,1,2000,1.0
40,2000,61248,1,2000,1.0
41,2000,62739,1,2000,1.0
42,2000,64233,1,2000,1.0
43,2000,65697,1,2000,1.0
44,2000,67180,1,2000,1.0
45,2000,68690,1,2000,1.0
46,2000,70200,1,2000,1.0
47,2000,71706,1,2000,1.0
48,2000,73189,1,2000,1.0
49,2000,74693,1,2000,1.0
50,2000,76194,1,2000,1.0
51,2000,77691,1,2000,1.0
52,2000,79169,1,2000,1.0
53,2000,80653,1,2000,1.0
54,2000,82148,1,2000,1.0
55,2000,83627,1,2000,1.0
56,2000,85112,1,2000,1.0
57,2000,86580,1,2000,1.0
58,2000,88055,1,2000,1.0
59,2000,89517,1,2000,1.0
60,2000,90993,1,2000,1.0
61,2000,92488,1,2000,1.0
62,2000,93958,1,2000,1.0
63,2000,95392,1,2000,1.0
64,2000,96867,1,2000,1.0
