k,n_nodes,n_edges,n_components,largest_component_size,largest_component_fraction
2,18486,30351,67,18246,0.9870172022070757
3,18486,45246,9,18444,0.9977280103862383
4,18486,60149,4,18464,0.9988099102023152
5,18486,74920,2,18478,0.9995672400735692
6,18486,89759,1,18486,1.0
7,18486,104542,1,18486,1.0
8,18486,119303,1,18486,1.0
9,18486,134065,1,18486,1.0
10,18486,148843,1,18486,1.0
11,18486,163604,1,18486,1.0
12,18486,178323,1,18486,1.0
13,18486,193042,1,18486,1.0
14,18486,207637,1,18486,1.0
15,18486,222320,1,18486,1.0
16,18486,236916,1,18486,1.0
17,18486,251654,1,18486,1.0
18,18486,266307,1,18486,1.0
19,18486,280999,1,18486,1.0
20,18486,295629,1,18486,1.0
21,18486,310250,1,18486,1.0
22,18486,324911,1,18486,1.0
23,18486,339590,1,18486,1.0
24,18486,354184,1,18486,1.0
25,18486,368751,1,18486,1.0
26,18486,383316,1,18486,1.0
27,18486,397943,1,18486,1.0
28,18486,412595,1,18486,1.0
29,18486,427090,1,18486,1.0
30,18486,441657,1,18486,1.0
31,18486,456252,1,18486,1.0
32,18486,470776,1,18486,1.0
33,18486,485390,1,18486,1.0
34,18486,500028,1,18486,1.0
35,18486,514549,1,18486,1.0
36,18486,529093,1,18486,1.0
37,18486,543592,1,18486,1.0
38,18486,558051,1,18486,1.0
39,18486,572623,1,18486,1.0
40,18486,587152,1,18486,1.0
41,18486,601673,1,18486,1.0
42,18486,616182,1,18486,1.0
43,18486,630644,1,18486,1.0
44,18486,645078,1,18486,1.0
45,18486,659606,1,18486,1.0
46,18486,674064,1,18486,1.0
47,18486,688557,1,18486,1.0
48,18486,703031,1,18486,1.0
49,18486,717528,1,18486,1.0
50,18486,731985,1,18486,1.0
51,18486,746443,1,18486,1.0
52,18486,760835,1,18486,1.0
53,18486,775304,1,18486,1.0
54,18486,789799,1,18486,1.0
55,18486,804283,1,18486,1.0
56,18486,818743,1,18486,1.0
57,18486,833188,1,18486,1.0
58,18486,847639,1,18486,1.0
59,18486,862095,1,18486,1.0
60,18486,876482,1,18486,1.0
61,18486,890858,1,18486,1.0
62,18486,905235,1,18486,1.0
63,18486,919686,1,18486,1.0
64,18486,934038,1,18486,1.0
