degree,count,fraction
64,57,0.0285
65,64,0.032
66,71,0.0355
67,69,0.0345
68,77,0.0385
69,56,0.028
70,61,0.0305
71,59,0.0295
72,43,0.0215
73,45,0.0225
74,46,0.023
75,48,0.024
76,42,0.021
77,41,0.0205
78,37,0.0185
79,40,0.02
80,35,0.0175
81,31,0.0155
82,29,0.0145
83,31,0.0155
84,31,0.0155
85,41,0.0205
86,32,0.016
87,32,0.016
88,24,0.012
89,28,0.014
90,15,0.0075
91,19,0.0095
92,25,0.0125
93,24,0.012
94,23,0.0115
95,15,0.0075
96,20,0.01
97,20,0.01
98,22,0.011
99,16,0.008
100,20,0.01
101,17,0.0085
102,10,0.005
103,10,0.005
104,16,0.008
105,16,0.008
106,16,0.008
107,16,0.008
108,10,0.005
109,8,0.004
110,21,0.0105
111,16,0.008
112,12,0.006
113,10,0.005
114,17,0.0085
115,8,0.004
116,12,0.006
117,10,0.005
118,11,0.0055
119,7,0.0035
120,3,0.0015
121,8,0.004
122,14,0.007
123,5,0.0025
124,4,0.002
125,11,0.0055
126,10,0.005
127,4,0.002
128,5,0.0025
129,11,0.0055
130,4,0.002
131,7,0.0035
132,4,0.002
133,5,0.0025
134,5,0.0025
135,7,0.0035
136,4,0.002
137,2,0.001
138,7,0.0035
139,7,0.0035
140,5,0.0025
141,5,0.0025
142,5,0.0025
143,8,0.004
144,3,0.0015
145,8,0.004
146,4,0.002
147,4,0.002
148,8,0.004
149,5,0.0025
150,4,0.002
151,3,0.0015
152,4,0.002
153,4,0.002
154,4,0.002
155,4,0.002
156,4,0.002
157,7,0.0035
158,8,0.004
160,3,0.0015
161,3,0.0015
162,3,0.0015
163,3,0.0015
164,3,0.0015
165,2,0.001
166,5,0.0025
167,3,0.0015
168,2,0.001
169,5,0.0025
170,1,0.0005
171,3,0.0015
172,3,0.0015
173,4,0.002
175,1,0.0005
176,5,0.0025
177,1,0.0005
178,3,0.0015
179,2,0.001
181,3,0.0015
182,5,0.0025
183,1,0.0005
184,1,0.0005
185,1,0.0005
187,2,0.001
188,2,0.001
189,4,0.002
190,2,0.001
191,5,0.0025
192,2,0.001
193,1,0.0005
194,1,0.0005
195,2,0.001
196,2,0.001
197,3,0.0015
199,1,0.0005
201,3,0.0015
204,2,0.001
205,1,0.0005
206,2,0.001
207,1,0.0005
208,2,0.001
209,2,0.001
210,2,0.001
211,1,0.0005
212,2,0.001
214,1,0.0005
215,1,0.0005
216,1,0.0005
217,1,0.0005
218,1,0.0005
223,1,0.0005
224,2,0.001
228,1,0.0005
229,2,0.001
231,1,0.0005
233,1,0.0005
236,1,0.0005
242,1,0.0005
243,1,0.0005
247,1,0.0005
251,2,0.001
254,1,0.0005
266,1,0.0005
269,1,0.0005
271,1,0.0005
274,2,0.001
276,1,0.0005
284,1,0.0005
290,1,0.0005
295,1,0.0005
296,1,0.0005
308,1,0.0005
331,1,0.0005
349,1,0.0005
